Date Created,Click Date,Cohort Day,Total Clicks,Clicks Today,Link,Hash,Admin/Lister
2017-05-05,2017-06-22,48,814,0,http://bit.ly/2qAqRZ1,2qAqRZ1,Lister
2017-05-30,2017-06-22,23,427,0,http://bit.ly/2qw2Umg,2qw2Umg,Admin
2017-04-27,2017-06-22,56,330,4,http://bit.ly/2pmhCZb,2pmhCZb,Admin
2017-04-11,2017-06-22,72,252,0,http://bit.ly/2oVMRgw,2oVMRgw,Admin
2017-05-02,2017-06-22,51,201,2,http://bit.ly/2qouOzy,2qouOzy,Admin
2017-04-11,2017-06-22,72,165,0,http://bit.ly/2oVu9pf,2oVu9pf,Admin
2017-06-06,2017-06-22,16,142,0,http://bit.ly/2rId5Bu,2rId5Bu,Admin
2017-05-30,2017-06-22,23,122,0,http://bit.ly/2rgBzBK,2rgBzBK,Admin
2017-05-16,2017-06-22,37,116,0,http://bit.ly/2qtOwb4,2qtOwb4,Admin
2017-06-07,2017-06-22,15,115,0,http://bit.ly/2rLN3gW,2rLN3gW,Admin
2017-05-24,2017-06-22,29,114,0,http://bit.ly/2qWG3NB,2qWG3NB,Lister
2017-04-10,2017-06-22,73,112,0,http://bit.ly/2oZdTD5,2oZdTD5,Admin
2017-05-30,2017-06-22,23,108,0,http://bit.ly/2rgc9Ej,2rgc9Ej,Admin
2017-04-06,2017-06-22,77,104,0,http://bit.ly/2oePuJ5,2oePuJ5,Lister
2017-04-27,2017-06-22,56,100,0,http://bit.ly/2pjZH5p,2pjZH5p,Admin
2017-04-10,2017-06-22,73,98,0,http://bit.ly/2onLVjZ,2onLVjZ,Admin
2017-04-22,2017-06-22,61,90,0,http://bit.ly/2q1B5h9,2q1B5h9,Lister
2017-06-19,2017-06-22,3,88,2,http://bit.ly/2sqxbAw,2sqxbAw,Lister
2017-05-12,2017-06-22,41,83,0,http://bit.ly/2pq3Fg8,2pq3Fg8,Admin
2017-05-04,2017-06-22,49,77,0,http://bit.ly/2qvGfpk,2qvGfpk,Admin
2017-05-03,2017-06-22,50,75,0,http://bit.ly/2qFQ6p8,2qFQ6p8,Lister
2017-05-01,2017-06-22,52,71,0,http://bit.ly/2pvECVJ,2pvECVJ,Admin
2017-04-26,2017-06-22,57,70,0,http://bit.ly/2pj1RST,2pj1RST,Admin
2017-05-15,2017-06-22,38,69,0,http://bit.ly/2qkwHNw,2qkwHNw,Lister
2017-04-08,2017-06-22,75,69,0,http://bit.ly/2nOEPRk,2nOEPRk,Admin
2017-06-06,2017-06-22,16,66,0,http://bit.ly/2qYKHy5,2qYKHy5,Admin
2017-06-13,2017-06-22,9,65,0,http://bit.ly/2s6cyJQ,2s6cyJQ,Admin
2017-05-01,2017-06-22,52,63,0,http://bit.ly/2qpEKpE,2qpEKpE,Lister
2017-06-05,2017-06-22,17,62,0,http://bit.ly/2rCTwuf,2rCTwuf,Lister
2017-05-26,2017-06-22,27,57,0,http://bit.ly/2r1pWP1,2r1pWP1,Admin
2017-06-13,2017-06-22,9,57,0,http://bit.ly/2rmAr2J,2rmAr2J,Admin
2017-04-09,2017-06-22,74,57,0,http://bit.ly/2onBdKh,2onBdKh,Admin
2017-05-03,2017-06-22,50,56,0,http://bit.ly/2p9cqHc,2p9cqHc,Lister
2017-05-17,2017-06-22,36,52,0,http://bit.ly/2pIur3j,2pIur3j,Admin
2017-05-22,2017-06-22,31,52,0,http://bit.ly/2q0vfkr,2q0vfkr,Admin
2017-04-28,2017-06-22,55,50,0,http://bit.ly/2ptV76K,2ptV76K,Lister
2017-05-04,2017-06-22,49,50,0,http://bit.ly/2qIBR2F,2qIBR2F,Admin
2017-05-04,2017-06-22,49,48,0,http://bit.ly/2qwkm9p,2qwkm9p,Lister
2017-04-19,2017-06-22,64,47,0,http://bit.ly/2pRrKrV,2pRrKrV,Admin
2017-05-15,2017-06-22,38,44,0,http://bit.ly/2r9A7n6,2r9A7n6,Lister
2017-05-03,2017-06-22,50,43,0,http://bit.ly/2oYn9s8,2oYn9s8,Lister
2017-04-24,2017-06-22,59,43,0,http://bit.ly/2q7WzZF,2q7WzZF,Admin
2017-04-11,2017-06-22,72,41,0,http://bit.ly/2oUvsEK,2oUvsEK,Admin
2017-05-22,2017-06-22,31,39,0,http://bit.ly/2qPRCpM,2qPRCpM,Admin
2017-05-02,2017-06-22,51,38,0,http://bit.ly/2qoBldU,2qoBldU,Lister
2017-05-07,2017-06-22,46,38,0,http://bit.ly/2qG6HwK,2qG6HwK,Admin
2017-05-03,2017-06-22,50,38,0,http://bit.ly/2p6nbck,2p6nbck,Lister
2017-04-09,2017-06-22,74,37,0,http://bit.ly/2on37G4,2on37G4,Admin
2017-05-12,2017-06-22,41,37,0,http://bit.ly/2pseHRV,2pseHRV,Admin
2017-05-15,2017-06-22,38,35,0,http://bit.ly/2qoHNyZ,2qoHNyZ,Admin
2017-05-11,2017-06-22,42,34,0,http://bit.ly/2qw0iUV,2qw0iUV,Lister
2017-05-01,2017-06-22,52,33,0,http://bit.ly/2qlotFa,2qlotFa,Lister
2017-05-24,2017-06-22,29,31,0,http://bit.ly/2qWx5A8,2qWx5A8,Admin
2017-04-25,2017-06-22,58,30,0,http://bit.ly/2q2QtNH,2q2QtNH,Lister
2017-05-10,2017-06-22,43,29,0,http://bit.ly/2pwGZpE,2pwGZpE,Lister
2017-05-26,2017-06-22,27,29,0,http://bit.ly/2r49FZt,2r49FZt,Admin
2017-04-19,2017-06-22,64,27,0,http://bit.ly/2pDeKXI,2pDeKXI,Lister
2017-05-04,2017-06-22,49,27,0,http://bit.ly/2qEsUbJ,2qEsUbJ,Lister
2017-05-01,2017-06-22,52,26,0,http://bit.ly/2pPwQcj,2pPwQcj,Lister
2017-05-04,2017-06-22,49,26,0,http://bit.ly/2qvyTSX,2qvyTSX,Lister
2017-04-11,2017-06-22,72,26,0,http://bit.ly/2oVNqXB,2oVNqXB,Admin
2017-05-05,2017-06-22,48,25,0,http://bit.ly/2qJrmx2,2qJrmx2,Lister
2017-05-22,2017-06-22,31,24,0,http://bit.ly/2q3EwZ3,2q3EwZ3,Admin
2017-04-10,2017-06-22,73,24,0,http://bit.ly/2onNgXQ,2onNgXQ,Admin
2017-04-28,2017-06-22,55,24,0,http://bit.ly/2oQsw7N,2oQsw7N,Lister
2017-06-16,2017-06-22,6,24,0,http://bit.ly/2shcVl2,2shcVl2,Admin
2017-05-02,2017-06-22,51,23,0,http://bit.ly/2qn1dGR,2qn1dGR,Lister
2017-04-29,2017-06-22,54,23,0,http://bit.ly/2qiYIm1,2qiYIm1,Lister
2017-05-26,2017-06-22,27,23,0,http://bit.ly/2r1Nvaf,2r1Nvaf,Admin
2017-05-18,2017-06-22,35,22,0,http://bit.ly/2pQbWKo,2pQbWKo,Admin
2017-05-04,2017-06-22,49,22,0,http://bit.ly/2pa7st4,2pa7st4,Lister
2017-05-17,2017-06-22,36,22,0,http://bit.ly/2pL7pZH,2pL7pZH,Admin
2017-05-17,2017-06-22,36,21,0,http://bit.ly/2pIrMqB,2pIrMqB,Admin
2017-04-19,2017-06-22,64,21,0,http://bit.ly/2pCXsNi,2pCXsNi,Lister
2017-05-11,2017-06-22,42,21,0,http://bit.ly/2potRIb,2potRIb,Lister
2017-05-10,2017-06-22,43,21,0,http://bit.ly/2qTdIud,2qTdIud,Admin
2017-05-02,2017-06-22,51,20,0,http://bit.ly/2pC6Car,2pC6Car,Admin
2017-05-05,2017-06-22,48,20,0,http://bit.ly/2qAXLbF,2qAXLbF,Lister
2017-05-05,2017-06-22,48,20,0,http://bit.ly/2q8b3N6,2q8b3N6,Lister
2017-05-12,2017-06-22,41,19,0,http://bit.ly/2pstrR3,2pstrR3,Lister
2017-05-12,2017-06-22,41,19,0,http://bit.ly/2qcWu8i,2qcWu8i,Lister
2017-05-31,2017-06-22,22,19,1,http://bit.ly/2qBwCpU,2qBwCpU,Admin
2017-04-27,2017-06-22,56,18,0,http://bit.ly/2p5IYUT,2p5IYUT,Lister
2017-05-12,2017-06-22,41,17,0,http://bit.ly/2pstso5,2pstso5,Admin
2017-06-19,2017-06-22,3,16,5,http://bit.ly/2sqqePX,2sqqePX,Admin
2017-06-13,2017-06-22,9,16,0,http://bit.ly/2rmzzei,2rmzzei,Admin
2017-04-21,2017-06-22,62,16,0,http://bit.ly/2plQvQN,2plQvQN,Admin
2017-05-11,2017-06-22,42,16,0,http://bit.ly/2r666Sq,2r666Sq,Lister
2017-04-21,2017-06-22,62,15,0,http://bit.ly/2pNfsVi,2pNfsVi,Lister
2017-05-24,2017-06-22,29,15,0,http://bit.ly/2qWoQnx,2qWoQnx,Admin
2017-05-19,2017-06-22,34,15,0,http://bit.ly/2pQUh5e,2pQUh5e,Admin
2017-05-01,2017-06-22,52,15,0,http://bit.ly/2pnZboP,2pnZboP,Lister
2017-05-02,2017-06-22,51,14,0,http://bit.ly/2qoUgW0,2qoUgW0,Lister
2017-05-03,2017-06-22,50,14,0,http://bit.ly/2qzKGwG,2qzKGwG,Lister
2017-05-01,2017-06-22,52,14,0,http://bit.ly/2pPp2XW,2pPp2XW,Lister
2017-05-27,2017-06-22,26,14,0,http://bit.ly/2r7ARGE,2r7ARGE,Admin
2017-05-05,2017-06-22,48,13,0,http://bit.ly/2qAGbEE,2qAGbEE,Admin
2017-05-22,2017-06-22,31,13,0,http://bit.ly/2q3MCkb,2q3MCkb,Lister
2017-04-11,2017-06-22,72,12,0,http://bit.ly/2oVzaxM,2oVzaxM,Lister
2017-06-08,2017-06-22,14,12,0,http://bit.ly/2rR8VYh,2rR8VYh,Admin
2017-05-05,2017-06-21,47,814,0,http://bit.ly/2qAqRZ1,2qAqRZ1,Lister
2017-05-30,2017-06-21,22,427,2,http://bit.ly/2qw2Umg,2qw2Umg,Admin
2017-04-27,2017-06-21,55,330,20,http://bit.ly/2pmhCZb,2pmhCZb,Admin
2017-04-11,2017-06-21,71,252,1,http://bit.ly/2oVMRgw,2oVMRgw,Admin
2017-05-02,2017-06-21,50,201,0,http://bit.ly/2qouOzy,2qouOzy,Admin
2017-04-11,2017-06-21,71,165,0,http://bit.ly/2oVu9pf,2oVu9pf,Admin
2017-06-06,2017-06-21,15,142,0,http://bit.ly/2rId5Bu,2rId5Bu,Admin
2017-05-30,2017-06-21,22,122,1,http://bit.ly/2rgBzBK,2rgBzBK,Admin
2017-05-16,2017-06-21,36,116,0,http://bit.ly/2qtOwb4,2qtOwb4,Admin
2017-06-07,2017-06-21,14,115,1,http://bit.ly/2rLN3gW,2rLN3gW,Admin
2017-05-24,2017-06-21,28,114,0,http://bit.ly/2qWG3NB,2qWG3NB,Lister
2017-04-10,2017-06-21,72,112,0,http://bit.ly/2oZdTD5,2oZdTD5,Admin
2017-05-30,2017-06-21,22,108,1,http://bit.ly/2rgc9Ej,2rgc9Ej,Admin
2017-04-06,2017-06-21,76,104,0,http://bit.ly/2oePuJ5,2oePuJ5,Lister
2017-04-27,2017-06-21,55,100,1,http://bit.ly/2pjZH5p,2pjZH5p,Admin
2017-04-10,2017-06-21,72,98,0,http://bit.ly/2onLVjZ,2onLVjZ,Admin
2017-04-22,2017-06-21,60,90,0,http://bit.ly/2q1B5h9,2q1B5h9,Lister
2017-06-19,2017-06-21,2,88,14,http://bit.ly/2sqxbAw,2sqxbAw,Lister
2017-05-12,2017-06-21,40,83,0,http://bit.ly/2pq3Fg8,2pq3Fg8,Admin
2017-05-04,2017-06-21,48,77,0,http://bit.ly/2qvGfpk,2qvGfpk,Admin
2017-05-03,2017-06-21,49,75,0,http://bit.ly/2qFQ6p8,2qFQ6p8,Lister
2017-05-01,2017-06-21,51,71,0,http://bit.ly/2pvECVJ,2pvECVJ,Admin
2017-04-26,2017-06-21,56,70,0,http://bit.ly/2pj1RST,2pj1RST,Admin
2017-05-15,2017-06-21,37,69,0,http://bit.ly/2qkwHNw,2qkwHNw,Lister
2017-04-08,2017-06-21,74,69,0,http://bit.ly/2nOEPRk,2nOEPRk,Admin
2017-06-06,2017-06-21,15,66,0,http://bit.ly/2qYKHy5,2qYKHy5,Admin
2017-06-13,2017-06-21,8,65,4,http://bit.ly/2s6cyJQ,2s6cyJQ,Admin
2017-05-01,2017-06-21,51,63,0,http://bit.ly/2qpEKpE,2qpEKpE,Lister
2017-06-05,2017-06-21,16,62,0,http://bit.ly/2rCTwuf,2rCTwuf,Lister
2017-05-26,2017-06-21,26,57,0,http://bit.ly/2r1pWP1,2r1pWP1,Admin
2017-06-13,2017-06-21,8,57,0,http://bit.ly/2rmAr2J,2rmAr2J,Admin
2017-04-09,2017-06-21,73,57,1,http://bit.ly/2onBdKh,2onBdKh,Admin
2017-05-03,2017-06-21,49,56,0,http://bit.ly/2p9cqHc,2p9cqHc,Lister
2017-05-17,2017-06-21,35,52,0,http://bit.ly/2pIur3j,2pIur3j,Admin
2017-05-22,2017-06-21,30,52,0,http://bit.ly/2q0vfkr,2q0vfkr,Admin
2017-04-28,2017-06-21,54,50,0,http://bit.ly/2ptV76K,2ptV76K,Lister
2017-05-04,2017-06-21,48,50,0,http://bit.ly/2qIBR2F,2qIBR2F,Admin
2017-05-04,2017-06-21,48,48,0,http://bit.ly/2qwkm9p,2qwkm9p,Lister
2017-04-19,2017-06-21,63,47,0,http://bit.ly/2pRrKrV,2pRrKrV,Admin
2017-05-15,2017-06-21,37,44,0,http://bit.ly/2r9A7n6,2r9A7n6,Lister
2017-05-03,2017-06-21,49,43,0,http://bit.ly/2oYn9s8,2oYn9s8,Lister
2017-04-24,2017-06-21,58,43,0,http://bit.ly/2q7WzZF,2q7WzZF,Admin
2017-04-11,2017-06-21,71,41,0,http://bit.ly/2oUvsEK,2oUvsEK,Admin
2017-05-22,2017-06-21,30,39,0,http://bit.ly/2qPRCpM,2qPRCpM,Admin
2017-05-02,2017-06-21,50,38,0,http://bit.ly/2qoBldU,2qoBldU,Lister
2017-05-07,2017-06-21,45,38,0,http://bit.ly/2qG6HwK,2qG6HwK,Admin
2017-05-03,2017-06-21,49,38,0,http://bit.ly/2p6nbck,2p6nbck,Lister
2017-04-09,2017-06-21,73,37,0,http://bit.ly/2on37G4,2on37G4,Admin
2017-05-12,2017-06-21,40,37,0,http://bit.ly/2pseHRV,2pseHRV,Admin
2017-05-15,2017-06-21,37,35,0,http://bit.ly/2qoHNyZ,2qoHNyZ,Admin
2017-05-11,2017-06-21,41,34,0,http://bit.ly/2qw0iUV,2qw0iUV,Lister
2017-05-01,2017-06-21,51,33,0,http://bit.ly/2qlotFa,2qlotFa,Lister
2017-05-24,2017-06-21,28,31,0,http://bit.ly/2qWx5A8,2qWx5A8,Admin
2017-04-25,2017-06-21,57,30,0,http://bit.ly/2q2QtNH,2q2QtNH,Lister
2017-05-10,2017-06-21,42,29,0,http://bit.ly/2pwGZpE,2pwGZpE,Lister
2017-05-26,2017-06-21,26,29,0,http://bit.ly/2r49FZt,2r49FZt,Admin
2017-04-19,2017-06-21,63,27,0,http://bit.ly/2pDeKXI,2pDeKXI,Lister
2017-05-04,2017-06-21,48,27,0,http://bit.ly/2qEsUbJ,2qEsUbJ,Lister
2017-05-01,2017-06-21,51,26,0,http://bit.ly/2pPwQcj,2pPwQcj,Lister
2017-05-04,2017-06-21,48,26,0,http://bit.ly/2qvyTSX,2qvyTSX,Lister
2017-04-11,2017-06-21,71,26,0,http://bit.ly/2oVNqXB,2oVNqXB,Admin
2017-05-05,2017-06-21,47,25,0,http://bit.ly/2qJrmx2,2qJrmx2,Lister
2017-05-22,2017-06-21,30,24,0,http://bit.ly/2q3EwZ3,2q3EwZ3,Admin
2017-04-10,2017-06-21,72,24,0,http://bit.ly/2onNgXQ,2onNgXQ,Admin
2017-04-28,2017-06-21,54,24,0,http://bit.ly/2oQsw7N,2oQsw7N,Lister
2017-06-16,2017-06-21,5,24,1,http://bit.ly/2shcVl2,2shcVl2,Admin
2017-05-02,2017-06-21,50,23,0,http://bit.ly/2qn1dGR,2qn1dGR,Lister
2017-04-29,2017-06-21,53,23,0,http://bit.ly/2qiYIm1,2qiYIm1,Lister
2017-05-26,2017-06-21,26,23,0,http://bit.ly/2r1Nvaf,2r1Nvaf,Admin
2017-05-18,2017-06-21,34,22,0,http://bit.ly/2pQbWKo,2pQbWKo,Admin
2017-05-04,2017-06-21,48,22,0,http://bit.ly/2pa7st4,2pa7st4,Lister
2017-05-17,2017-06-21,35,22,0,http://bit.ly/2pL7pZH,2pL7pZH,Admin
2017-05-17,2017-06-21,35,21,0,http://bit.ly/2pIrMqB,2pIrMqB,Admin
2017-04-19,2017-06-21,63,21,0,http://bit.ly/2pCXsNi,2pCXsNi,Lister
2017-05-11,2017-06-21,41,21,0,http://bit.ly/2potRIb,2potRIb,Lister
2017-05-10,2017-06-21,42,21,0,http://bit.ly/2qTdIud,2qTdIud,Admin
2017-05-02,2017-06-21,50,20,0,http://bit.ly/2pC6Car,2pC6Car,Admin
2017-05-05,2017-06-21,47,20,0,http://bit.ly/2qAXLbF,2qAXLbF,Lister
2017-05-05,2017-06-21,47,20,0,http://bit.ly/2q8b3N6,2q8b3N6,Lister
2017-05-12,2017-06-21,40,19,0,http://bit.ly/2pstrR3,2pstrR3,Lister
2017-05-12,2017-06-21,40,19,0,http://bit.ly/2qcWu8i,2qcWu8i,Lister
2017-05-31,2017-06-21,21,19,6,http://bit.ly/2qBwCpU,2qBwCpU,Admin
2017-04-27,2017-06-21,55,18,0,http://bit.ly/2p5IYUT,2p5IYUT,Lister
2017-05-12,2017-06-21,40,17,0,http://bit.ly/2pstso5,2pstso5,Admin
2017-06-19,2017-06-21,2,16,5,http://bit.ly/2sqqePX,2sqqePX,Admin
2017-06-13,2017-06-21,8,16,0,http://bit.ly/2rmzzei,2rmzzei,Admin
2017-04-21,2017-06-21,61,16,0,http://bit.ly/2plQvQN,2plQvQN,Admin
2017-05-11,2017-06-21,41,16,0,http://bit.ly/2r666Sq,2r666Sq,Lister
2017-04-21,2017-06-21,61,15,0,http://bit.ly/2pNfsVi,2pNfsVi,Lister
2017-05-24,2017-06-21,28,15,0,http://bit.ly/2qWoQnx,2qWoQnx,Admin
2017-05-19,2017-06-21,33,15,0,http://bit.ly/2pQUh5e,2pQUh5e,Admin
2017-05-01,2017-06-21,51,15,0,http://bit.ly/2pnZboP,2pnZboP,Lister
2017-05-02,2017-06-21,50,14,0,http://bit.ly/2qoUgW0,2qoUgW0,Lister
2017-05-03,2017-06-21,49,14,0,http://bit.ly/2qzKGwG,2qzKGwG,Lister
2017-05-01,2017-06-21,51,14,0,http://bit.ly/2pPp2XW,2pPp2XW,Lister
2017-05-27,2017-06-21,25,14,0,http://bit.ly/2r7ARGE,2r7ARGE,Admin
2017-05-05,2017-06-21,47,13,0,http://bit.ly/2qAGbEE,2qAGbEE,Admin
2017-05-22,2017-06-21,30,13,0,http://bit.ly/2q3MCkb,2q3MCkb,Lister
2017-04-11,2017-06-21,71,12,0,http://bit.ly/2oVzaxM,2oVzaxM,Lister
2017-06-08,2017-06-21,13,12,0,http://bit.ly/2rR8VYh,2rR8VYh,Admin
2017-05-05,2017-06-20,46,814,0,http://bit.ly/2qAqRZ1,2qAqRZ1,Lister
2017-05-30,2017-06-20,21,427,2,http://bit.ly/2qw2Umg,2qw2Umg,Admin
2017-04-27,2017-06-20,54,330,85,http://bit.ly/2pmhCZb,2pmhCZb,Admin
2017-04-11,2017-06-20,70,252,0,http://bit.ly/2oVMRgw,2oVMRgw,Admin
2017-05-02,2017-06-20,49,201,0,http://bit.ly/2qouOzy,2qouOzy,Admin
2017-04-11,2017-06-20,70,165,0,http://bit.ly/2oVu9pf,2oVu9pf,Admin
2017-06-06,2017-06-20,14,142,0,http://bit.ly/2rId5Bu,2rId5Bu,Admin
2017-05-30,2017-06-20,21,122,1,http://bit.ly/2rgBzBK,2rgBzBK,Admin
2017-05-16,2017-06-20,35,116,1,http://bit.ly/2qtOwb4,2qtOwb4,Admin
2017-06-07,2017-06-20,13,115,0,http://bit.ly/2rLN3gW,2rLN3gW,Admin
2017-05-24,2017-06-20,27,114,0,http://bit.ly/2qWG3NB,2qWG3NB,Lister
2017-04-10,2017-06-20,71,112,0,http://bit.ly/2oZdTD5,2oZdTD5,Admin
2017-05-30,2017-06-20,21,108,1,http://bit.ly/2rgc9Ej,2rgc9Ej,Admin
2017-04-06,2017-06-20,75,104,0,http://bit.ly/2oePuJ5,2oePuJ5,Lister
2017-04-27,2017-06-20,54,100,0,http://bit.ly/2pjZH5p,2pjZH5p,Admin
2017-04-10,2017-06-20,71,98,0,http://bit.ly/2onLVjZ,2onLVjZ,Admin
2017-04-22,2017-06-20,59,90,0,http://bit.ly/2q1B5h9,2q1B5h9,Lister
2017-06-19,2017-06-20,1,88,11,http://bit.ly/2sqxbAw,2sqxbAw,Lister
2017-05-12,2017-06-20,39,83,0,http://bit.ly/2pq3Fg8,2pq3Fg8,Admin
2017-05-04,2017-06-20,47,77,0,http://bit.ly/2qvGfpk,2qvGfpk,Admin
2017-05-03,2017-06-20,48,75,0,http://bit.ly/2qFQ6p8,2qFQ6p8,Lister
2017-05-01,2017-06-20,50,71,0,http://bit.ly/2pvECVJ,2pvECVJ,Admin
2017-04-26,2017-06-20,55,70,0,http://bit.ly/2pj1RST,2pj1RST,Admin
2017-05-15,2017-06-20,36,69,0,http://bit.ly/2qkwHNw,2qkwHNw,Lister
2017-04-08,2017-06-20,73,69,0,http://bit.ly/2nOEPRk,2nOEPRk,Admin
2017-06-06,2017-06-20,14,66,0,http://bit.ly/2qYKHy5,2qYKHy5,Admin
2017-06-13,2017-06-20,7,65,9,http://bit.ly/2s6cyJQ,2s6cyJQ,Admin
2017-05-01,2017-06-20,50,63,0,http://bit.ly/2qpEKpE,2qpEKpE,Lister
2017-06-05,2017-06-20,15,62,0,http://bit.ly/2rCTwuf,2rCTwuf,Lister
2017-05-26,2017-06-20,25,57,0,http://bit.ly/2r1pWP1,2r1pWP1,Admin
2017-06-13,2017-06-20,7,57,0,http://bit.ly/2rmAr2J,2rmAr2J,Admin
2017-04-09,2017-06-20,72,57,0,http://bit.ly/2onBdKh,2onBdKh,Admin
2017-05-03,2017-06-20,48,56,0,http://bit.ly/2p9cqHc,2p9cqHc,Lister
2017-05-17,2017-06-20,34,52,0,http://bit.ly/2pIur3j,2pIur3j,Admin
2017-05-22,2017-06-20,29,52,0,http://bit.ly/2q0vfkr,2q0vfkr,Admin
2017-04-28,2017-06-20,53,50,0,http://bit.ly/2ptV76K,2ptV76K,Lister
2017-05-04,2017-06-20,47,50,0,http://bit.ly/2qIBR2F,2qIBR2F,Admin
2017-05-04,2017-06-20,47,48,0,http://bit.ly/2qwkm9p,2qwkm9p,Lister
2017-04-19,2017-06-20,62,47,0,http://bit.ly/2pRrKrV,2pRrKrV,Admin
2017-05-15,2017-06-20,36,44,0,http://bit.ly/2r9A7n6,2r9A7n6,Lister
2017-05-03,2017-06-20,48,43,0,http://bit.ly/2oYn9s8,2oYn9s8,Lister
2017-04-24,2017-06-20,57,43,0,http://bit.ly/2q7WzZF,2q7WzZF,Admin
2017-04-11,2017-06-20,70,41,0,http://bit.ly/2oUvsEK,2oUvsEK,Admin
2017-05-22,2017-06-20,29,39,0,http://bit.ly/2qPRCpM,2qPRCpM,Admin
2017-05-02,2017-06-20,49,38,0,http://bit.ly/2qoBldU,2qoBldU,Lister
2017-05-07,2017-06-20,44,38,1,http://bit.ly/2qG6HwK,2qG6HwK,Admin
2017-05-03,2017-06-20,48,38,0,http://bit.ly/2p6nbck,2p6nbck,Lister
2017-04-09,2017-06-20,72,37,1,http://bit.ly/2on37G4,2on37G4,Admin
2017-05-12,2017-06-20,39,37,0,http://bit.ly/2pseHRV,2pseHRV,Admin
2017-05-15,2017-06-20,36,35,0,http://bit.ly/2qoHNyZ,2qoHNyZ,Admin
2017-05-11,2017-06-20,40,34,0,http://bit.ly/2qw0iUV,2qw0iUV,Lister
2017-05-01,2017-06-20,50,33,0,http://bit.ly/2qlotFa,2qlotFa,Lister
2017-05-24,2017-06-20,27,31,0,http://bit.ly/2qWx5A8,2qWx5A8,Admin
2017-04-25,2017-06-20,56,30,0,http://bit.ly/2q2QtNH,2q2QtNH,Lister
2017-05-10,2017-06-20,41,29,0,http://bit.ly/2pwGZpE,2pwGZpE,Lister
2017-05-26,2017-06-20,25,29,0,http://bit.ly/2r49FZt,2r49FZt,Admin
2017-04-19,2017-06-20,62,27,0,http://bit.ly/2pDeKXI,2pDeKXI,Lister
2017-05-04,2017-06-20,47,27,0,http://bit.ly/2qEsUbJ,2qEsUbJ,Lister
2017-05-01,2017-06-20,50,26,0,http://bit.ly/2pPwQcj,2pPwQcj,Lister
2017-05-04,2017-06-20,47,26,0,http://bit.ly/2qvyTSX,2qvyTSX,Lister
2017-04-11,2017-06-20,70,26,0,http://bit.ly/2oVNqXB,2oVNqXB,Admin
2017-05-05,2017-06-20,46,25,0,http://bit.ly/2qJrmx2,2qJrmx2,Lister
2017-05-22,2017-06-20,29,24,1,http://bit.ly/2q3EwZ3,2q3EwZ3,Admin
2017-04-10,2017-06-20,71,24,0,http://bit.ly/2onNgXQ,2onNgXQ,Admin
2017-04-28,2017-06-20,53,24,0,http://bit.ly/2oQsw7N,2oQsw7N,Lister
2017-06-16,2017-06-20,4,24,1,http://bit.ly/2shcVl2,2shcVl2,Admin
2017-05-02,2017-06-20,49,23,0,http://bit.ly/2qn1dGR,2qn1dGR,Lister
2017-04-29,2017-06-20,52,23,0,http://bit.ly/2qiYIm1,2qiYIm1,Lister
2017-05-26,2017-06-20,25,23,0,http://bit.ly/2r1Nvaf,2r1Nvaf,Admin
2017-05-18,2017-06-20,33,22,0,http://bit.ly/2pQbWKo,2pQbWKo,Admin
2017-05-04,2017-06-20,47,22,0,http://bit.ly/2pa7st4,2pa7st4,Lister
2017-05-17,2017-06-20,34,22,0,http://bit.ly/2pL7pZH,2pL7pZH,Admin
2017-05-17,2017-06-20,34,21,1,http://bit.ly/2pIrMqB,2pIrMqB,Admin
2017-04-19,2017-06-20,62,21,0,http://bit.ly/2pCXsNi,2pCXsNi,Lister
2017-05-11,2017-06-20,40,21,0,http://bit.ly/2potRIb,2potRIb,Lister
2017-05-10,2017-06-20,41,21,1,http://bit.ly/2qTdIud,2qTdIud,Admin
2017-05-02,2017-06-20,49,20,0,http://bit.ly/2pC6Car,2pC6Car,Admin
2017-05-05,2017-06-20,46,20,0,http://bit.ly/2qAXLbF,2qAXLbF,Lister
2017-05-05,2017-06-20,46,20,0,http://bit.ly/2q8b3N6,2q8b3N6,Lister
2017-05-12,2017-06-20,39,19,0,http://bit.ly/2pstrR3,2pstrR3,Lister
2017-05-12,2017-06-20,39,19,0,http://bit.ly/2qcWu8i,2qcWu8i,Lister
2017-05-31,2017-06-20,20,19,0,http://bit.ly/2qBwCpU,2qBwCpU,Admin
2017-04-27,2017-06-20,54,18,0,http://bit.ly/2p5IYUT,2p5IYUT,Lister
2017-05-12,2017-06-20,39,17,0,http://bit.ly/2pstso5,2pstso5,Admin
2017-06-19,2017-06-20,1,16,6,http://bit.ly/2sqqePX,2sqqePX,Admin
2017-06-13,2017-06-20,7,16,1,http://bit.ly/2rmzzei,2rmzzei,Admin
2017-04-21,2017-06-20,60,16,0,http://bit.ly/2plQvQN,2plQvQN,Admin
2017-05-11,2017-06-20,40,16,0,http://bit.ly/2r666Sq,2r666Sq,Lister
2017-04-21,2017-06-20,60,15,0,http://bit.ly/2pNfsVi,2pNfsVi,Lister
2017-05-24,2017-06-20,27,15,0,http://bit.ly/2qWoQnx,2qWoQnx,Admin
2017-05-19,2017-06-20,32,15,0,http://bit.ly/2pQUh5e,2pQUh5e,Admin
2017-05-01,2017-06-20,50,15,0,http://bit.ly/2pnZboP,2pnZboP,Lister
2017-05-02,2017-06-20,49,14,0,http://bit.ly/2qoUgW0,2qoUgW0,Lister
2017-05-03,2017-06-20,48,14,0,http://bit.ly/2qzKGwG,2qzKGwG,Lister
2017-05-01,2017-06-20,50,14,0,http://bit.ly/2pPp2XW,2pPp2XW,Lister
2017-05-27,2017-06-20,24,14,0,http://bit.ly/2r7ARGE,2r7ARGE,Admin
2017-05-05,2017-06-20,46,13,0,http://bit.ly/2qAGbEE,2qAGbEE,Admin
2017-05-22,2017-06-20,29,13,0,http://bit.ly/2q3MCkb,2q3MCkb,Lister
2017-04-11,2017-06-20,70,12,0,http://bit.ly/2oVzaxM,2oVzaxM,Lister
2017-06-08,2017-06-20,12,12,0,http://bit.ly/2rR8VYh,2rR8VYh,Admin
2017-05-05,2017-06-19,45,814,0,http://bit.ly/2qAqRZ1,2qAqRZ1,Lister
2017-05-30,2017-06-19,20,427,0,http://bit.ly/2qw2Umg,2qw2Umg,Admin
2017-04-27,2017-06-19,53,330,221,http://bit.ly/2pmhCZb,2pmhCZb,Admin
2017-04-11,2017-06-19,69,252,0,http://bit.ly/2oVMRgw,2oVMRgw,Admin
2017-05-02,2017-06-19,48,201,0,http://bit.ly/2qouOzy,2qouOzy,Admin
2017-04-11,2017-06-19,69,165,0,http://bit.ly/2oVu9pf,2oVu9pf,Admin
2017-06-06,2017-06-19,13,142,1,http://bit.ly/2rId5Bu,2rId5Bu,Admin
2017-05-30,2017-06-19,20,122,0,http://bit.ly/2rgBzBK,2rgBzBK,Admin
2017-05-16,2017-06-19,34,116,0,http://bit.ly/2qtOwb4,2qtOwb4,Admin
2017-06-07,2017-06-19,12,115,0,http://bit.ly/2rLN3gW,2rLN3gW,Admin
2017-05-24,2017-06-19,26,114,0,http://bit.ly/2qWG3NB,2qWG3NB,Lister
2017-04-10,2017-06-19,70,112,0,http://bit.ly/2oZdTD5,2oZdTD5,Admin
2017-05-30,2017-06-19,20,108,0,http://bit.ly/2rgc9Ej,2rgc9Ej,Admin
2017-04-06,2017-06-19,74,104,0,http://bit.ly/2oePuJ5,2oePuJ5,Lister
2017-04-27,2017-06-19,53,100,0,http://bit.ly/2pjZH5p,2pjZH5p,Admin
2017-04-10,2017-06-19,70,98,0,http://bit.ly/2onLVjZ,2onLVjZ,Admin
2017-04-22,2017-06-19,58,90,0,http://bit.ly/2q1B5h9,2q1B5h9,Lister
2017-06-19,2017-06-19,0,88,61,http://bit.ly/2sqxbAw,2sqxbAw,Lister
2017-05-12,2017-06-19,38,83,0,http://bit.ly/2pq3Fg8,2pq3Fg8,Admin
2017-05-04,2017-06-19,46,77,0,http://bit.ly/2qvGfpk,2qvGfpk,Admin
2017-05-03,2017-06-19,47,75,0,http://bit.ly/2qFQ6p8,2qFQ6p8,Lister
2017-05-01,2017-06-19,49,71,0,http://bit.ly/2pvECVJ,2pvECVJ,Admin
2017-04-26,2017-06-19,54,70,0,http://bit.ly/2pj1RST,2pj1RST,Admin
2017-05-15,2017-06-19,35,69,0,http://bit.ly/2qkwHNw,2qkwHNw,Lister
2017-04-08,2017-06-19,72,69,0,http://bit.ly/2nOEPRk,2nOEPRk,Admin
2017-06-06,2017-06-19,13,66,1,http://bit.ly/2qYKHy5,2qYKHy5,Admin
2017-06-13,2017-06-19,6,65,4,http://bit.ly/2s6cyJQ,2s6cyJQ,Admin
2017-05-01,2017-06-19,49,63,0,http://bit.ly/2qpEKpE,2qpEKpE,Lister
2017-06-05,2017-06-19,14,62,0,http://bit.ly/2rCTwuf,2rCTwuf,Lister
2017-05-26,2017-06-19,24,57,0,http://bit.ly/2r1pWP1,2r1pWP1,Admin
2017-06-13,2017-06-19,6,57,4,http://bit.ly/2rmAr2J,2rmAr2J,Admin
2017-04-09,2017-06-19,71,57,0,http://bit.ly/2onBdKh,2onBdKh,Admin
2017-05-03,2017-06-19,47,56,0,http://bit.ly/2p9cqHc,2p9cqHc,Lister
2017-05-17,2017-06-19,33,52,0,http://bit.ly/2pIur3j,2pIur3j,Admin
2017-05-22,2017-06-19,28,52,0,http://bit.ly/2q0vfkr,2q0vfkr,Admin
2017-04-28,2017-06-19,52,50,0,http://bit.ly/2ptV76K,2ptV76K,Lister
2017-05-04,2017-06-19,46,50,0,http://bit.ly/2qIBR2F,2qIBR2F,Admin
2017-05-04,2017-06-19,46,48,0,http://bit.ly/2qwkm9p,2qwkm9p,Lister
2017-04-19,2017-06-19,61,47,0,http://bit.ly/2pRrKrV,2pRrKrV,Admin
2017-05-15,2017-06-19,35,44,0,http://bit.ly/2r9A7n6,2r9A7n6,Lister
2017-05-03,2017-06-19,47,43,0,http://bit.ly/2oYn9s8,2oYn9s8,Lister
2017-04-24,2017-06-19,56,43,0,http://bit.ly/2q7WzZF,2q7WzZF,Admin
2017-04-11,2017-06-19,69,41,0,http://bit.ly/2oUvsEK,2oUvsEK,Admin
2017-05-22,2017-06-19,28,39,0,http://bit.ly/2qPRCpM,2qPRCpM,Admin
2017-05-02,2017-06-19,48,38,0,http://bit.ly/2qoBldU,2qoBldU,Lister
2017-05-07,2017-06-19,43,38,0,http://bit.ly/2qG6HwK,2qG6HwK,Admin
2017-05-03,2017-06-19,47,38,0,http://bit.ly/2p6nbck,2p6nbck,Lister
2017-04-09,2017-06-19,71,37,0,http://bit.ly/2on37G4,2on37G4,Admin
2017-05-12,2017-06-19,38,37,0,http://bit.ly/2pseHRV,2pseHRV,Admin
2017-05-15,2017-06-19,35,35,0,http://bit.ly/2qoHNyZ,2qoHNyZ,Admin
2017-05-11,2017-06-19,39,34,0,http://bit.ly/2qw0iUV,2qw0iUV,Lister
2017-05-01,2017-06-19,49,33,0,http://bit.ly/2qlotFa,2qlotFa,Lister
2017-05-24,2017-06-19,26,31,0,http://bit.ly/2qWx5A8,2qWx5A8,Admin
2017-04-25,2017-06-19,55,30,0,http://bit.ly/2q2QtNH,2q2QtNH,Lister
2017-05-10,2017-06-19,40,29,0,http://bit.ly/2pwGZpE,2pwGZpE,Lister
2017-05-26,2017-06-19,24,29,0,http://bit.ly/2r49FZt,2r49FZt,Admin
2017-04-19,2017-06-19,61,27,0,http://bit.ly/2pDeKXI,2pDeKXI,Lister
2017-05-04,2017-06-19,46,27,0,http://bit.ly/2qEsUbJ,2qEsUbJ,Lister
2017-05-01,2017-06-19,49,26,0,http://bit.ly/2pPwQcj,2pPwQcj,Lister
2017-05-04,2017-06-19,46,26,0,http://bit.ly/2qvyTSX,2qvyTSX,Lister
2017-04-11,2017-06-19,69,26,0,http://bit.ly/2oVNqXB,2oVNqXB,Admin
2017-05-05,2017-06-19,45,25,0,http://bit.ly/2qJrmx2,2qJrmx2,Lister
2017-05-22,2017-06-19,28,24,0,http://bit.ly/2q3EwZ3,2q3EwZ3,Admin
2017-04-10,2017-06-19,70,24,0,http://bit.ly/2onNgXQ,2onNgXQ,Admin
2017-04-28,2017-06-19,52,24,0,http://bit.ly/2oQsw7N,2oQsw7N,Lister
2017-06-16,2017-06-19,3,24,1,http://bit.ly/2shcVl2,2shcVl2,Admin
2017-05-02,2017-06-19,48,23,0,http://bit.ly/2qn1dGR,2qn1dGR,Lister
2017-04-29,2017-06-19,51,23,0,http://bit.ly/2qiYIm1,2qiYIm1,Lister
2017-05-26,2017-06-19,24,23,0,http://bit.ly/2r1Nvaf,2r1Nvaf,Admin
2017-05-18,2017-06-19,32,22,0,http://bit.ly/2pQbWKo,2pQbWKo,Admin
2017-05-04,2017-06-19,46,22,0,http://bit.ly/2pa7st4,2pa7st4,Lister
2017-05-17,2017-06-19,33,22,0,http://bit.ly/2pL7pZH,2pL7pZH,Admin
2017-05-17,2017-06-19,33,21,0,http://bit.ly/2pIrMqB,2pIrMqB,Admin
2017-04-19,2017-06-19,61,21,0,http://bit.ly/2pCXsNi,2pCXsNi,Lister
2017-05-11,2017-06-19,39,21,0,http://bit.ly/2potRIb,2potRIb,Lister
2017-05-10,2017-06-19,40,21,0,http://bit.ly/2qTdIud,2qTdIud,Admin
2017-05-02,2017-06-19,48,20,0,http://bit.ly/2pC6Car,2pC6Car,Admin
2017-05-05,2017-06-19,45,20,0,http://bit.ly/2qAXLbF,2qAXLbF,Lister
2017-05-05,2017-06-19,45,20,0,http://bit.ly/2q8b3N6,2q8b3N6,Lister
2017-05-12,2017-06-19,38,19,0,http://bit.ly/2pstrR3,2pstrR3,Lister
2017-05-12,2017-06-19,38,19,0,http://bit.ly/2qcWu8i,2qcWu8i,Lister
2017-05-31,2017-06-19,19,19,0,http://bit.ly/2qBwCpU,2qBwCpU,Admin
2017-04-27,2017-06-19,53,18,0,http://bit.ly/2p5IYUT,2p5IYUT,Lister
2017-05-12,2017-06-19,38,17,0,http://bit.ly/2pstso5,2pstso5,Admin
2017-06-19,2017-06-19,0,16,0,http://bit.ly/2sqqePX,2sqqePX,Admin
2017-06-13,2017-06-19,6,16,0,http://bit.ly/2rmzzei,2rmzzei,Admin
2017-04-21,2017-06-19,59,16,0,http://bit.ly/2plQvQN,2plQvQN,Admin
2017-05-11,2017-06-19,39,16,0,http://bit.ly/2r666Sq,2r666Sq,Lister
2017-04-21,2017-06-19,59,15,0,http://bit.ly/2pNfsVi,2pNfsVi,Lister
2017-05-24,2017-06-19,26,15,0,http://bit.ly/2qWoQnx,2qWoQnx,Admin
2017-05-19,2017-06-19,31,15,0,http://bit.ly/2pQUh5e,2pQUh5e,Admin
2017-05-01,2017-06-19,49,15,0,http://bit.ly/2pnZboP,2pnZboP,Lister
2017-05-02,2017-06-19,48,14,0,http://bit.ly/2qoUgW0,2qoUgW0,Lister
2017-05-03,2017-06-19,47,14,0,http://bit.ly/2qzKGwG,2qzKGwG,Lister
2017-05-01,2017-06-19,49,14,0,http://bit.ly/2pPp2XW,2pPp2XW,Lister
2017-05-27,2017-06-19,23,14,0,http://bit.ly/2r7ARGE,2r7ARGE,Admin
2017-05-05,2017-06-19,45,13,0,http://bit.ly/2qAGbEE,2qAGbEE,Admin
2017-05-22,2017-06-19,28,13,0,http://bit.ly/2q3MCkb,2q3MCkb,Lister
2017-04-11,2017-06-19,69,12,0,http://bit.ly/2oVzaxM,2oVzaxM,Lister
2017-06-08,2017-06-19,11,12,0,http://bit.ly/2rR8VYh,2rR8VYh,Admin
2017-05-05,2017-06-18,44,814,0,http://bit.ly/2qAqRZ1,2qAqRZ1,Lister
2017-05-30,2017-06-18,19,427,3,http://bit.ly/2qw2Umg,2qw2Umg,Admin
2017-04-27,2017-06-18,52,330,0,http://bit.ly/2pmhCZb,2pmhCZb,Admin
2017-04-11,2017-06-18,68,252,0,http://bit.ly/2oVMRgw,2oVMRgw,Admin
2017-05-02,2017-06-18,47,201,0,http://bit.ly/2qouOzy,2qouOzy,Admin
2017-04-11,2017-06-18,68,165,0,http://bit.ly/2oVu9pf,2oVu9pf,Admin
2017-06-06,2017-06-18,12,142,0,http://bit.ly/2rId5Bu,2rId5Bu,Admin
2017-05-30,2017-06-18,19,122,0,http://bit.ly/2rgBzBK,2rgBzBK,Admin
2017-05-16,2017-06-18,33,116,0,http://bit.ly/2qtOwb4,2qtOwb4,Admin
2017-06-07,2017-06-18,11,115,0,http://bit.ly/2rLN3gW,2rLN3gW,Admin
2017-05-24,2017-06-18,25,114,0,http://bit.ly/2qWG3NB,2qWG3NB,Lister
2017-04-10,2017-06-18,69,112,0,http://bit.ly/2oZdTD5,2oZdTD5,Admin
2017-05-30,2017-06-18,19,108,1,http://bit.ly/2rgc9Ej,2rgc9Ej,Admin
2017-04-06,2017-06-18,73,104,0,http://bit.ly/2oePuJ5,2oePuJ5,Lister
2017-04-27,2017-06-18,52,100,0,http://bit.ly/2pjZH5p,2pjZH5p,Admin
2017-04-10,2017-06-18,69,98,0,http://bit.ly/2onLVjZ,2onLVjZ,Admin
2017-04-22,2017-06-18,57,90,0,http://bit.ly/2q1B5h9,2q1B5h9,Lister
2017-06-19,2017-06-18,-1,88,0,http://bit.ly/2sqxbAw,2sqxbAw,Lister
2017-05-12,2017-06-18,37,83,0,http://bit.ly/2pq3Fg8,2pq3Fg8,Admin
2017-05-04,2017-06-18,45,77,0,http://bit.ly/2qvGfpk,2qvGfpk,Admin
2017-05-03,2017-06-18,46,75,0,http://bit.ly/2qFQ6p8,2qFQ6p8,Lister
2017-05-01,2017-06-18,48,71,0,http://bit.ly/2pvECVJ,2pvECVJ,Admin
2017-04-26,2017-06-18,53,70,0,http://bit.ly/2pj1RST,2pj1RST,Admin
2017-05-15,2017-06-18,34,69,0,http://bit.ly/2qkwHNw,2qkwHNw,Lister
2017-04-08,2017-06-18,71,69,0,http://bit.ly/2nOEPRk,2nOEPRk,Admin
2017-06-06,2017-06-18,12,66,0,http://bit.ly/2qYKHy5,2qYKHy5,Admin
2017-06-13,2017-06-18,5,65,45,http://bit.ly/2s6cyJQ,2s6cyJQ,Admin
2017-05-01,2017-06-18,48,63,0,http://bit.ly/2qpEKpE,2qpEKpE,Lister
2017-06-05,2017-06-18,13,62,0,http://bit.ly/2rCTwuf,2rCTwuf,Lister
2017-05-26,2017-06-18,23,57,0,http://bit.ly/2r1pWP1,2r1pWP1,Admin
2017-06-13,2017-06-18,5,57,2,http://bit.ly/2rmAr2J,2rmAr2J,Admin
2017-04-09,2017-06-18,70,57,0,http://bit.ly/2onBdKh,2onBdKh,Admin
2017-05-03,2017-06-18,46,56,0,http://bit.ly/2p9cqHc,2p9cqHc,Lister
2017-05-17,2017-06-18,32,52,0,http://bit.ly/2pIur3j,2pIur3j,Admin
2017-05-22,2017-06-18,27,52,0,http://bit.ly/2q0vfkr,2q0vfkr,Admin
2017-04-28,2017-06-18,51,50,0,http://bit.ly/2ptV76K,2ptV76K,Lister
2017-05-04,2017-06-18,45,50,0,http://bit.ly/2qIBR2F,2qIBR2F,Admin
2017-05-04,2017-06-18,45,48,0,http://bit.ly/2qwkm9p,2qwkm9p,Lister
2017-04-19,2017-06-18,60,47,0,http://bit.ly/2pRrKrV,2pRrKrV,Admin
2017-05-15,2017-06-18,34,44,0,http://bit.ly/2r9A7n6,2r9A7n6,Lister
2017-05-03,2017-06-18,46,43,0,http://bit.ly/2oYn9s8,2oYn9s8,Lister
2017-04-24,2017-06-18,55,43,0,http://bit.ly/2q7WzZF,2q7WzZF,Admin
2017-04-11,2017-06-18,68,41,0,http://bit.ly/2oUvsEK,2oUvsEK,Admin
2017-05-22,2017-06-18,27,39,0,http://bit.ly/2qPRCpM,2qPRCpM,Admin
2017-05-02,2017-06-18,47,38,0,http://bit.ly/2qoBldU,2qoBldU,Lister
2017-05-07,2017-06-18,42,38,0,http://bit.ly/2qG6HwK,2qG6HwK,Admin
2017-05-03,2017-06-18,46,38,0,http://bit.ly/2p6nbck,2p6nbck,Lister
2017-04-09,2017-06-18,70,37,0,http://bit.ly/2on37G4,2on37G4,Admin
2017-05-12,2017-06-18,37,37,0,http://bit.ly/2pseHRV,2pseHRV,Admin
2017-05-15,2017-06-18,34,35,0,http://bit.ly/2qoHNyZ,2qoHNyZ,Admin
2017-05-11,2017-06-18,38,34,0,http://bit.ly/2qw0iUV,2qw0iUV,Lister
2017-05-01,2017-06-18,48,33,0,http://bit.ly/2qlotFa,2qlotFa,Lister
2017-05-24,2017-06-18,25,31,0,http://bit.ly/2qWx5A8,2qWx5A8,Admin
2017-04-25,2017-06-18,54,30,0,http://bit.ly/2q2QtNH,2q2QtNH,Lister
2017-05-10,2017-06-18,39,29,0,http://bit.ly/2pwGZpE,2pwGZpE,Lister
2017-05-26,2017-06-18,23,29,0,http://bit.ly/2r49FZt,2r49FZt,Admin
2017-04-19,2017-06-18,60,27,0,http://bit.ly/2pDeKXI,2pDeKXI,Lister
2017-05-04,2017-06-18,45,27,0,http://bit.ly/2qEsUbJ,2qEsUbJ,Lister
2017-05-01,2017-06-18,48,26,0,http://bit.ly/2pPwQcj,2pPwQcj,Lister
2017-05-04,2017-06-18,45,26,0,http://bit.ly/2qvyTSX,2qvyTSX,Lister
2017-04-11,2017-06-18,68,26,0,http://bit.ly/2oVNqXB,2oVNqXB,Admin
2017-05-05,2017-06-18,44,25,0,http://bit.ly/2qJrmx2,2qJrmx2,Lister
2017-05-22,2017-06-18,27,24,0,http://bit.ly/2q3EwZ3,2q3EwZ3,Admin
2017-04-10,2017-06-18,69,24,0,http://bit.ly/2onNgXQ,2onNgXQ,Admin
2017-04-28,2017-06-18,51,24,0,http://bit.ly/2oQsw7N,2oQsw7N,Lister
2017-06-16,2017-06-18,2,24,3,http://bit.ly/2shcVl2,2shcVl2,Admin
2017-05-02,2017-06-18,47,23,0,http://bit.ly/2qn1dGR,2qn1dGR,Lister
2017-04-29,2017-06-18,50,23,0,http://bit.ly/2qiYIm1,2qiYIm1,Lister
2017-05-26,2017-06-18,23,23,0,http://bit.ly/2r1Nvaf,2r1Nvaf,Admin
2017-05-18,2017-06-18,31,22,0,http://bit.ly/2pQbWKo,2pQbWKo,Admin
2017-05-04,2017-06-18,45,22,0,http://bit.ly/2pa7st4,2pa7st4,Lister
2017-05-17,2017-06-18,32,22,0,http://bit.ly/2pL7pZH,2pL7pZH,Admin
2017-05-17,2017-06-18,32,21,0,http://bit.ly/2pIrMqB,2pIrMqB,Admin
2017-04-19,2017-06-18,60,21,0,http://bit.ly/2pCXsNi,2pCXsNi,Lister
2017-05-11,2017-06-18,38,21,0,http://bit.ly/2potRIb,2potRIb,Lister
2017-05-10,2017-06-18,39,21,0,http://bit.ly/2qTdIud,2qTdIud,Admin
2017-05-02,2017-06-18,47,20,0,http://bit.ly/2pC6Car,2pC6Car,Admin
2017-05-05,2017-06-18,44,20,0,http://bit.ly/2qAXLbF,2qAXLbF,Lister
2017-05-05,2017-06-18,44,20,0,http://bit.ly/2q8b3N6,2q8b3N6,Lister
2017-05-12,2017-06-18,37,19,0,http://bit.ly/2pstrR3,2pstrR3,Lister
2017-05-12,2017-06-18,37,19,0,http://bit.ly/2qcWu8i,2qcWu8i,Lister
2017-05-31,2017-06-18,18,19,2,http://bit.ly/2qBwCpU,2qBwCpU,Admin
2017-04-27,2017-06-18,52,18,0,http://bit.ly/2p5IYUT,2p5IYUT,Lister
2017-05-12,2017-06-18,37,17,0,http://bit.ly/2pstso5,2pstso5,Admin
2017-06-19,2017-06-18,-1,16,0,http://bit.ly/2sqqePX,2sqqePX,Admin
2017-06-13,2017-06-18,5,16,0,http://bit.ly/2rmzzei,2rmzzei,Admin
2017-04-21,2017-06-18,58,16,0,http://bit.ly/2plQvQN,2plQvQN,Admin
2017-05-11,2017-06-18,38,16,0,http://bit.ly/2r666Sq,2r666Sq,Lister
2017-04-21,2017-06-18,58,15,0,http://bit.ly/2pNfsVi,2pNfsVi,Lister
2017-05-24,2017-06-18,25,15,0,http://bit.ly/2qWoQnx,2qWoQnx,Admin
2017-05-19,2017-06-18,30,15,0,http://bit.ly/2pQUh5e,2pQUh5e,Admin
2017-05-01,2017-06-18,48,15,0,http://bit.ly/2pnZboP,2pnZboP,Lister
2017-05-02,2017-06-18,47,14,0,http://bit.ly/2qoUgW0,2qoUgW0,Lister
2017-05-03,2017-06-18,46,14,0,http://bit.ly/2qzKGwG,2qzKGwG,Lister
2017-05-01,2017-06-18,48,14,0,http://bit.ly/2pPp2XW,2pPp2XW,Lister
2017-05-27,2017-06-18,22,14,0,http://bit.ly/2r7ARGE,2r7ARGE,Admin
2017-05-05,2017-06-18,44,13,0,http://bit.ly/2qAGbEE,2qAGbEE,Admin
2017-05-22,2017-06-18,27,13,0,http://bit.ly/2q3MCkb,2q3MCkb,Lister
2017-04-11,2017-06-18,68,12,0,http://bit.ly/2oVzaxM,2oVzaxM,Lister
2017-06-08,2017-06-18,10,12,0,http://bit.ly/2rR8VYh,2rR8VYh,Admin
2017-05-05,2017-06-17,43,814,0,http://bit.ly/2qAqRZ1,2qAqRZ1,Lister
2017-05-30,2017-06-17,18,427,0,http://bit.ly/2qw2Umg,2qw2Umg,Admin
2017-04-27,2017-06-17,51,330,0,http://bit.ly/2pmhCZb,2pmhCZb,Admin
2017-04-11,2017-06-17,67,252,0,http://bit.ly/2oVMRgw,2oVMRgw,Admin
2017-05-02,2017-06-17,46,201,0,http://bit.ly/2qouOzy,2qouOzy,Admin
2017-04-11,2017-06-17,67,165,0,http://bit.ly/2oVu9pf,2oVu9pf,Admin
2017-06-06,2017-06-17,11,142,0,http://bit.ly/2rId5Bu,2rId5Bu,Admin
2017-05-30,2017-06-17,18,122,0,http://bit.ly/2rgBzBK,2rgBzBK,Admin
2017-05-16,2017-06-17,32,116,0,http://bit.ly/2qtOwb4,2qtOwb4,Admin
2017-06-07,2017-06-17,10,115,1,http://bit.ly/2rLN3gW,2rLN3gW,Admin
2017-05-24,2017-06-17,24,114,0,http://bit.ly/2qWG3NB,2qWG3NB,Lister
2017-04-10,2017-06-17,68,112,0,http://bit.ly/2oZdTD5,2oZdTD5,Admin
2017-05-30,2017-06-17,18,108,1,http://bit.ly/2rgc9Ej,2rgc9Ej,Admin
2017-04-06,2017-06-17,72,104,0,http://bit.ly/2oePuJ5,2oePuJ5,Lister
2017-04-27,2017-06-17,51,100,0,http://bit.ly/2pjZH5p,2pjZH5p,Admin
2017-04-10,2017-06-17,68,98,0,http://bit.ly/2onLVjZ,2onLVjZ,Admin
2017-04-22,2017-06-17,56,90,0,http://bit.ly/2q1B5h9,2q1B5h9,Lister
2017-06-19,2017-06-17,-2,88,0,http://bit.ly/2sqxbAw,2sqxbAw,Lister
2017-05-12,2017-06-17,36,83,0,http://bit.ly/2pq3Fg8,2pq3Fg8,Admin
2017-05-04,2017-06-17,44,77,0,http://bit.ly/2qvGfpk,2qvGfpk,Admin
2017-05-03,2017-06-17,45,75,0,http://bit.ly/2qFQ6p8,2qFQ6p8,Lister
2017-05-01,2017-06-17,47,71,0,http://bit.ly/2pvECVJ,2pvECVJ,Admin
2017-04-26,2017-06-17,52,70,0,http://bit.ly/2pj1RST,2pj1RST,Admin
2017-05-15,2017-06-17,33,69,0,http://bit.ly/2qkwHNw,2qkwHNw,Lister
2017-04-08,2017-06-17,70,69,0,http://bit.ly/2nOEPRk,2nOEPRk,Admin
2017-06-06,2017-06-17,11,66,0,http://bit.ly/2qYKHy5,2qYKHy5,Admin
2017-06-13,2017-06-17,4,65,0,http://bit.ly/2s6cyJQ,2s6cyJQ,Admin
2017-05-01,2017-06-17,47,63,0,http://bit.ly/2qpEKpE,2qpEKpE,Lister
2017-06-05,2017-06-17,12,62,0,http://bit.ly/2rCTwuf,2rCTwuf,Lister
2017-05-26,2017-06-17,22,57,0,http://bit.ly/2r1pWP1,2r1pWP1,Admin
2017-06-13,2017-06-17,4,57,8,http://bit.ly/2rmAr2J,2rmAr2J,Admin
2017-04-09,2017-06-17,69,57,0,http://bit.ly/2onBdKh,2onBdKh,Admin
2017-05-03,2017-06-17,45,56,0,http://bit.ly/2p9cqHc,2p9cqHc,Lister
2017-05-17,2017-06-17,31,52,0,http://bit.ly/2pIur3j,2pIur3j,Admin
2017-05-22,2017-06-17,26,52,0,http://bit.ly/2q0vfkr,2q0vfkr,Admin
2017-04-28,2017-06-17,50,50,0,http://bit.ly/2ptV76K,2ptV76K,Lister
2017-05-04,2017-06-17,44,50,0,http://bit.ly/2qIBR2F,2qIBR2F,Admin
2017-05-04,2017-06-17,44,48,0,http://bit.ly/2qwkm9p,2qwkm9p,Lister
2017-04-19,2017-06-17,59,47,0,http://bit.ly/2pRrKrV,2pRrKrV,Admin
2017-05-15,2017-06-17,33,44,0,http://bit.ly/2r9A7n6,2r9A7n6,Lister
2017-05-03,2017-06-17,45,43,0,http://bit.ly/2oYn9s8,2oYn9s8,Lister
2017-04-24,2017-06-17,54,43,0,http://bit.ly/2q7WzZF,2q7WzZF,Admin
2017-04-11,2017-06-17,67,41,0,http://bit.ly/2oUvsEK,2oUvsEK,Admin
2017-05-22,2017-06-17,26,39,0,http://bit.ly/2qPRCpM,2qPRCpM,Admin
2017-05-02,2017-06-17,46,38,0,http://bit.ly/2qoBldU,2qoBldU,Lister
2017-05-07,2017-06-17,41,38,0,http://bit.ly/2qG6HwK,2qG6HwK,Admin
2017-05-03,2017-06-17,45,38,0,http://bit.ly/2p6nbck,2p6nbck,Lister
2017-04-09,2017-06-17,69,37,0,http://bit.ly/2on37G4,2on37G4,Admin
2017-05-12,2017-06-17,36,37,0,http://bit.ly/2pseHRV,2pseHRV,Admin
2017-05-15,2017-06-17,33,35,0,http://bit.ly/2qoHNyZ,2qoHNyZ,Admin
2017-05-11,2017-06-17,37,34,0,http://bit.ly/2qw0iUV,2qw0iUV,Lister
2017-05-01,2017-06-17,47,33,0,http://bit.ly/2qlotFa,2qlotFa,Lister
2017-05-24,2017-06-17,24,31,0,http://bit.ly/2qWx5A8,2qWx5A8,Admin
2017-04-25,2017-06-17,53,30,0,http://bit.ly/2q2QtNH,2q2QtNH,Lister
2017-05-10,2017-06-17,38,29,0,http://bit.ly/2pwGZpE,2pwGZpE,Lister
2017-05-26,2017-06-17,22,29,0,http://bit.ly/2r49FZt,2r49FZt,Admin
2017-04-19,2017-06-17,59,27,0,http://bit.ly/2pDeKXI,2pDeKXI,Lister
2017-05-04,2017-06-17,44,27,0,http://bit.ly/2qEsUbJ,2qEsUbJ,Lister
2017-05-01,2017-06-17,47,26,0,http://bit.ly/2pPwQcj,2pPwQcj,Lister
2017-05-04,2017-06-17,44,26,0,http://bit.ly/2qvyTSX,2qvyTSX,Lister
2017-04-11,2017-06-17,67,26,0,http://bit.ly/2oVNqXB,2oVNqXB,Admin
2017-05-05,2017-06-17,43,25,0,http://bit.ly/2qJrmx2,2qJrmx2,Lister
2017-05-22,2017-06-17,26,24,0,http://bit.ly/2q3EwZ3,2q3EwZ3,Admin
2017-04-10,2017-06-17,68,24,0,http://bit.ly/2onNgXQ,2onNgXQ,Admin
2017-04-28,2017-06-17,50,24,0,http://bit.ly/2oQsw7N,2oQsw7N,Lister
2017-06-16,2017-06-17,1,24,3,http://bit.ly/2shcVl2,2shcVl2,Admin
2017-05-02,2017-06-17,46,23,0,http://bit.ly/2qn1dGR,2qn1dGR,Lister
2017-04-29,2017-06-17,49,23,0,http://bit.ly/2qiYIm1,2qiYIm1,Lister
2017-05-26,2017-06-17,22,23,0,http://bit.ly/2r1Nvaf,2r1Nvaf,Admin
2017-05-18,2017-06-17,30,22,0,http://bit.ly/2pQbWKo,2pQbWKo,Admin
2017-05-04,2017-06-17,44,22,0,http://bit.ly/2pa7st4,2pa7st4,Lister
2017-05-17,2017-06-17,31,22,0,http://bit.ly/2pL7pZH,2pL7pZH,Admin
2017-05-17,2017-06-17,31,21,0,http://bit.ly/2pIrMqB,2pIrMqB,Admin
2017-04-19,2017-06-17,59,21,0,http://bit.ly/2pCXsNi,2pCXsNi,Lister
2017-05-11,2017-06-17,37,21,0,http://bit.ly/2potRIb,2potRIb,Lister
2017-05-10,2017-06-17,38,21,0,http://bit.ly/2qTdIud,2qTdIud,Admin
2017-05-02,2017-06-17,46,20,0,http://bit.ly/2pC6Car,2pC6Car,Admin
2017-05-05,2017-06-17,43,20,0,http://bit.ly/2qAXLbF,2qAXLbF,Lister
2017-05-05,2017-06-17,43,20,0,http://bit.ly/2q8b3N6,2q8b3N6,Lister
2017-05-12,2017-06-17,36,19,0,http://bit.ly/2pstrR3,2pstrR3,Lister
2017-05-12,2017-06-17,36,19,0,http://bit.ly/2qcWu8i,2qcWu8i,Lister
2017-05-31,2017-06-17,17,19,0,http://bit.ly/2qBwCpU,2qBwCpU,Admin
2017-04-27,2017-06-17,51,18,0,http://bit.ly/2p5IYUT,2p5IYUT,Lister
2017-05-12,2017-06-17,36,17,0,http://bit.ly/2pstso5,2pstso5,Admin
2017-06-19,2017-06-17,-2,16,0,http://bit.ly/2sqqePX,2sqqePX,Admin
2017-06-13,2017-06-17,4,16,0,http://bit.ly/2rmzzei,2rmzzei,Admin
2017-04-21,2017-06-17,57,16,0,http://bit.ly/2plQvQN,2plQvQN,Admin
2017-05-11,2017-06-17,37,16,0,http://bit.ly/2r666Sq,2r666Sq,Lister
2017-04-21,2017-06-17,57,15,0,http://bit.ly/2pNfsVi,2pNfsVi,Lister
2017-05-24,2017-06-17,24,15,0,http://bit.ly/2qWoQnx,2qWoQnx,Admin
2017-05-19,2017-06-17,29,15,0,http://bit.ly/2pQUh5e,2pQUh5e,Admin
2017-05-01,2017-06-17,47,15,0,http://bit.ly/2pnZboP,2pnZboP,Lister
2017-05-02,2017-06-17,46,14,0,http://bit.ly/2qoUgW0,2qoUgW0,Lister
2017-05-03,2017-06-17,45,14,0,http://bit.ly/2qzKGwG,2qzKGwG,Lister
2017-05-01,2017-06-17,47,14,0,http://bit.ly/2pPp2XW,2pPp2XW,Lister
2017-05-27,2017-06-17,21,14,0,http://bit.ly/2r7ARGE,2r7ARGE,Admin
2017-05-05,2017-06-17,43,13,0,http://bit.ly/2qAGbEE,2qAGbEE,Admin
2017-05-22,2017-06-17,26,13,0,http://bit.ly/2q3MCkb,2q3MCkb,Lister
2017-04-11,2017-06-17,67,12,0,http://bit.ly/2oVzaxM,2oVzaxM,Lister
2017-06-08,2017-06-17,9,12,0,http://bit.ly/2rR8VYh,2rR8VYh,Admin
2017-05-05,2017-06-16,42,814,2,http://bit.ly/2qAqRZ1,2qAqRZ1,Lister
2017-05-30,2017-06-16,17,427,2,http://bit.ly/2qw2Umg,2qw2Umg,Admin
2017-04-27,2017-06-16,50,330,0,http://bit.ly/2pmhCZb,2pmhCZb,Admin
2017-04-11,2017-06-16,66,252,0,http://bit.ly/2oVMRgw,2oVMRgw,Admin
2017-05-02,2017-06-16,45,201,1,http://bit.ly/2qouOzy,2qouOzy,Admin
2017-04-11,2017-06-16,66,165,0,http://bit.ly/2oVu9pf,2oVu9pf,Admin
2017-06-06,2017-06-16,10,142,1,http://bit.ly/2rId5Bu,2rId5Bu,Admin
2017-05-30,2017-06-16,17,122,0,http://bit.ly/2rgBzBK,2rgBzBK,Admin
2017-05-16,2017-06-16,31,116,0,http://bit.ly/2qtOwb4,2qtOwb4,Admin
2017-06-07,2017-06-16,9,115,2,http://bit.ly/2rLN3gW,2rLN3gW,Admin
2017-05-24,2017-06-16,23,114,0,http://bit.ly/2qWG3NB,2qWG3NB,Lister
2017-04-10,2017-06-16,67,112,0,http://bit.ly/2oZdTD5,2oZdTD5,Admin
2017-05-30,2017-06-16,17,108,2,http://bit.ly/2rgc9Ej,2rgc9Ej,Admin
2017-04-06,2017-06-16,71,104,0,http://bit.ly/2oePuJ5,2oePuJ5,Lister
2017-04-27,2017-06-16,50,100,0,http://bit.ly/2pjZH5p,2pjZH5p,Admin
2017-04-10,2017-06-16,67,98,0,http://bit.ly/2onLVjZ,2onLVjZ,Admin
2017-04-22,2017-06-16,55,90,1,http://bit.ly/2q1B5h9,2q1B5h9,Lister
2017-06-19,2017-06-16,-3,88,0,http://bit.ly/2sqxbAw,2sqxbAw,Lister
2017-05-12,2017-06-16,35,83,0,http://bit.ly/2pq3Fg8,2pq3Fg8,Admin
2017-05-04,2017-06-16,43,77,1,http://bit.ly/2qvGfpk,2qvGfpk,Admin
2017-05-03,2017-06-16,44,75,0,http://bit.ly/2qFQ6p8,2qFQ6p8,Lister
2017-05-01,2017-06-16,46,71,1,http://bit.ly/2pvECVJ,2pvECVJ,Admin
2017-04-26,2017-06-16,51,70,0,http://bit.ly/2pj1RST,2pj1RST,Admin
2017-05-15,2017-06-16,32,69,0,http://bit.ly/2qkwHNw,2qkwHNw,Lister
2017-04-08,2017-06-16,69,69,0,http://bit.ly/2nOEPRk,2nOEPRk,Admin
2017-06-06,2017-06-16,10,66,0,http://bit.ly/2qYKHy5,2qYKHy5,Admin
2017-06-13,2017-06-16,3,65,1,http://bit.ly/2s6cyJQ,2s6cyJQ,Admin
2017-05-01,2017-06-16,46,63,0,http://bit.ly/2qpEKpE,2qpEKpE,Lister
2017-06-05,2017-06-16,11,62,2,http://bit.ly/2rCTwuf,2rCTwuf,Lister
2017-05-26,2017-06-16,21,57,0,http://bit.ly/2r1pWP1,2r1pWP1,Admin
2017-06-13,2017-06-16,3,57,20,http://bit.ly/2rmAr2J,2rmAr2J,Admin
2017-04-09,2017-06-16,68,57,0,http://bit.ly/2onBdKh,2onBdKh,Admin
2017-05-03,2017-06-16,44,56,0,http://bit.ly/2p9cqHc,2p9cqHc,Lister
2017-05-17,2017-06-16,30,52,0,http://bit.ly/2pIur3j,2pIur3j,Admin
2017-05-22,2017-06-16,25,52,0,http://bit.ly/2q0vfkr,2q0vfkr,Admin
2017-04-28,2017-06-16,49,50,0,http://bit.ly/2ptV76K,2ptV76K,Lister
2017-05-04,2017-06-16,43,50,0,http://bit.ly/2qIBR2F,2qIBR2F,Admin
2017-05-04,2017-06-16,43,48,0,http://bit.ly/2qwkm9p,2qwkm9p,Lister
2017-04-19,2017-06-16,58,47,0,http://bit.ly/2pRrKrV,2pRrKrV,Admin
2017-05-15,2017-06-16,32,44,0,http://bit.ly/2r9A7n6,2r9A7n6,Lister
2017-05-03,2017-06-16,44,43,0,http://bit.ly/2oYn9s8,2oYn9s8,Lister
2017-04-24,2017-06-16,53,43,0,http://bit.ly/2q7WzZF,2q7WzZF,Admin
2017-04-11,2017-06-16,66,41,0,http://bit.ly/2oUvsEK,2oUvsEK,Admin
2017-05-22,2017-06-16,25,39,0,http://bit.ly/2qPRCpM,2qPRCpM,Admin
2017-05-02,2017-06-16,45,38,0,http://bit.ly/2qoBldU,2qoBldU,Lister
2017-05-07,2017-06-16,40,38,0,http://bit.ly/2qG6HwK,2qG6HwK,Admin
2017-05-03,2017-06-16,44,38,0,http://bit.ly/2p6nbck,2p6nbck,Lister
2017-04-09,2017-06-16,68,37,1,http://bit.ly/2on37G4,2on37G4,Admin
2017-05-12,2017-06-16,35,37,0,http://bit.ly/2pseHRV,2pseHRV,Admin
2017-05-15,2017-06-16,32,35,0,http://bit.ly/2qoHNyZ,2qoHNyZ,Admin
2017-05-11,2017-06-16,36,34,0,http://bit.ly/2qw0iUV,2qw0iUV,Lister
2017-05-01,2017-06-16,46,33,0,http://bit.ly/2qlotFa,2qlotFa,Lister
2017-05-24,2017-06-16,23,31,0,http://bit.ly/2qWx5A8,2qWx5A8,Admin
2017-04-25,2017-06-16,52,30,0,http://bit.ly/2q2QtNH,2q2QtNH,Lister
2017-05-10,2017-06-16,37,29,0,http://bit.ly/2pwGZpE,2pwGZpE,Lister
2017-05-26,2017-06-16,21,29,1,http://bit.ly/2r49FZt,2r49FZt,Admin
2017-04-19,2017-06-16,58,27,0,http://bit.ly/2pDeKXI,2pDeKXI,Lister
2017-05-04,2017-06-16,43,27,0,http://bit.ly/2qEsUbJ,2qEsUbJ,Lister
2017-05-01,2017-06-16,46,26,0,http://bit.ly/2pPwQcj,2pPwQcj,Lister
2017-05-04,2017-06-16,43,26,0,http://bit.ly/2qvyTSX,2qvyTSX,Lister
2017-04-11,2017-06-16,66,26,0,http://bit.ly/2oVNqXB,2oVNqXB,Admin
2017-05-05,2017-06-16,42,25,0,http://bit.ly/2qJrmx2,2qJrmx2,Lister
2017-05-22,2017-06-16,25,24,0,http://bit.ly/2q3EwZ3,2q3EwZ3,Admin
2017-04-10,2017-06-16,67,24,0,http://bit.ly/2onNgXQ,2onNgXQ,Admin
2017-04-28,2017-06-16,49,24,0,http://bit.ly/2oQsw7N,2oQsw7N,Lister
2017-06-16,2017-06-16,0,24,15,http://bit.ly/2shcVl2,2shcVl2,Admin
2017-05-02,2017-06-16,45,23,0,http://bit.ly/2qn1dGR,2qn1dGR,Lister
2017-04-29,2017-06-16,48,23,0,http://bit.ly/2qiYIm1,2qiYIm1,Lister
2017-05-26,2017-06-16,21,23,0,http://bit.ly/2r1Nvaf,2r1Nvaf,Admin
2017-05-18,2017-06-16,29,22,0,http://bit.ly/2pQbWKo,2pQbWKo,Admin
2017-05-04,2017-06-16,43,22,0,http://bit.ly/2pa7st4,2pa7st4,Lister
2017-05-17,2017-06-16,30,22,0,http://bit.ly/2pL7pZH,2pL7pZH,Admin
2017-05-17,2017-06-16,30,21,0,http://bit.ly/2pIrMqB,2pIrMqB,Admin
2017-04-19,2017-06-16,58,21,0,http://bit.ly/2pCXsNi,2pCXsNi,Lister
2017-05-11,2017-06-16,36,21,0,http://bit.ly/2potRIb,2potRIb,Lister
2017-05-10,2017-06-16,37,21,0,http://bit.ly/2qTdIud,2qTdIud,Admin
2017-05-02,2017-06-16,45,20,0,http://bit.ly/2pC6Car,2pC6Car,Admin
2017-05-05,2017-06-16,42,20,0,http://bit.ly/2qAXLbF,2qAXLbF,Lister
2017-05-05,2017-06-16,42,20,0,http://bit.ly/2q8b3N6,2q8b3N6,Lister
2017-05-12,2017-06-16,35,19,1,http://bit.ly/2pstrR3,2pstrR3,Lister
2017-05-12,2017-06-16,35,19,0,http://bit.ly/2qcWu8i,2qcWu8i,Lister
2017-05-31,2017-06-16,16,19,0,http://bit.ly/2qBwCpU,2qBwCpU,Admin
2017-04-27,2017-06-16,50,18,0,http://bit.ly/2p5IYUT,2p5IYUT,Lister
2017-05-12,2017-06-16,35,17,0,http://bit.ly/2pstso5,2pstso5,Admin
2017-06-19,2017-06-16,-3,16,0,http://bit.ly/2sqqePX,2sqqePX,Admin
2017-06-13,2017-06-16,3,16,0,http://bit.ly/2rmzzei,2rmzzei,Admin
2017-04-21,2017-06-16,56,16,0,http://bit.ly/2plQvQN,2plQvQN,Admin
2017-05-11,2017-06-16,36,16,0,http://bit.ly/2r666Sq,2r666Sq,Lister
2017-04-21,2017-06-16,56,15,0,http://bit.ly/2pNfsVi,2pNfsVi,Lister
2017-05-24,2017-06-16,23,15,0,http://bit.ly/2qWoQnx,2qWoQnx,Admin
2017-05-19,2017-06-16,28,15,0,http://bit.ly/2pQUh5e,2pQUh5e,Admin
2017-05-01,2017-06-16,46,15,0,http://bit.ly/2pnZboP,2pnZboP,Lister
2017-05-02,2017-06-16,45,14,0,http://bit.ly/2qoUgW0,2qoUgW0,Lister
2017-05-03,2017-06-16,44,14,0,http://bit.ly/2qzKGwG,2qzKGwG,Lister
2017-05-01,2017-06-16,46,14,0,http://bit.ly/2pPp2XW,2pPp2XW,Lister
2017-05-27,2017-06-16,20,14,0,http://bit.ly/2r7ARGE,2r7ARGE,Admin
2017-05-05,2017-06-16,42,13,0,http://bit.ly/2qAGbEE,2qAGbEE,Admin
2017-05-22,2017-06-16,25,13,0,http://bit.ly/2q3MCkb,2q3MCkb,Lister
2017-04-11,2017-06-16,66,12,0,http://bit.ly/2oVzaxM,2oVzaxM,Lister
2017-06-08,2017-06-16,8,12,1,http://bit.ly/2rR8VYh,2rR8VYh,Admin
2017-05-05,2017-06-15,41,814,2,http://bit.ly/2qAqRZ1,2qAqRZ1,Lister
2017-05-30,2017-06-15,16,427,0,http://bit.ly/2qw2Umg,2qw2Umg,Admin
2017-04-27,2017-06-15,49,330,0,http://bit.ly/2pmhCZb,2pmhCZb,Admin
2017-04-11,2017-06-15,65,252,0,http://bit.ly/2oVMRgw,2oVMRgw,Admin
2017-05-02,2017-06-15,44,201,0,http://bit.ly/2qouOzy,2qouOzy,Admin
2017-04-11,2017-06-15,65,165,0,http://bit.ly/2oVu9pf,2oVu9pf,Admin
2017-06-06,2017-06-15,9,142,2,http://bit.ly/2rId5Bu,2rId5Bu,Admin
2017-05-30,2017-06-15,16,122,3,http://bit.ly/2rgBzBK,2rgBzBK,Admin
2017-05-16,2017-06-15,30,116,1,http://bit.ly/2qtOwb4,2qtOwb4,Admin
2017-06-07,2017-06-15,8,115,1,http://bit.ly/2rLN3gW,2rLN3gW,Admin
2017-05-24,2017-06-15,22,114,0,http://bit.ly/2qWG3NB,2qWG3NB,Lister
2017-04-10,2017-06-15,66,112,0,http://bit.ly/2oZdTD5,2oZdTD5,Admin
2017-05-30,2017-06-15,16,108,10,http://bit.ly/2rgc9Ej,2rgc9Ej,Admin
2017-04-06,2017-06-15,70,104,0,http://bit.ly/2oePuJ5,2oePuJ5,Lister
2017-04-27,2017-06-15,49,100,0,http://bit.ly/2pjZH5p,2pjZH5p,Admin
2017-04-10,2017-06-15,66,98,0,http://bit.ly/2onLVjZ,2onLVjZ,Admin
2017-04-22,2017-06-15,54,90,0,http://bit.ly/2q1B5h9,2q1B5h9,Lister
2017-06-19,2017-06-15,-4,88,0,http://bit.ly/2sqxbAw,2sqxbAw,Lister
2017-05-12,2017-06-15,34,83,0,http://bit.ly/2pq3Fg8,2pq3Fg8,Admin
2017-05-04,2017-06-15,42,77,0,http://bit.ly/2qvGfpk,2qvGfpk,Admin
2017-05-03,2017-06-15,43,75,0,http://bit.ly/2qFQ6p8,2qFQ6p8,Lister
2017-05-01,2017-06-15,45,71,0,http://bit.ly/2pvECVJ,2pvECVJ,Admin
2017-04-26,2017-06-15,50,70,0,http://bit.ly/2pj1RST,2pj1RST,Admin
2017-05-15,2017-06-15,31,69,0,http://bit.ly/2qkwHNw,2qkwHNw,Lister
2017-04-08,2017-06-15,68,69,0,http://bit.ly/2nOEPRk,2nOEPRk,Admin
2017-06-06,2017-06-15,9,66,1,http://bit.ly/2qYKHy5,2qYKHy5,Admin
2017-06-13,2017-06-15,2,65,0,http://bit.ly/2s6cyJQ,2s6cyJQ,Admin
2017-05-01,2017-06-15,45,63,0,http://bit.ly/2qpEKpE,2qpEKpE,Lister
2017-06-05,2017-06-15,10,62,0,http://bit.ly/2rCTwuf,2rCTwuf,Lister
2017-05-26,2017-06-15,20,57,1,http://bit.ly/2r1pWP1,2r1pWP1,Admin
2017-06-13,2017-06-15,2,57,22,http://bit.ly/2rmAr2J,2rmAr2J,Admin
2017-04-09,2017-06-15,67,57,0,http://bit.ly/2onBdKh,2onBdKh,Admin
2017-05-03,2017-06-15,43,56,0,http://bit.ly/2p9cqHc,2p9cqHc,Lister
2017-05-17,2017-06-15,29,52,0,http://bit.ly/2pIur3j,2pIur3j,Admin
2017-05-22,2017-06-15,24,52,0,http://bit.ly/2q0vfkr,2q0vfkr,Admin
2017-04-28,2017-06-15,48,50,0,http://bit.ly/2ptV76K,2ptV76K,Lister
2017-05-04,2017-06-15,42,50,0,http://bit.ly/2qIBR2F,2qIBR2F,Admin
2017-05-04,2017-06-15,42,48,0,http://bit.ly/2qwkm9p,2qwkm9p,Lister
2017-04-19,2017-06-15,57,47,0,http://bit.ly/2pRrKrV,2pRrKrV,Admin
2017-05-15,2017-06-15,31,44,0,http://bit.ly/2r9A7n6,2r9A7n6,Lister
2017-05-03,2017-06-15,43,43,0,http://bit.ly/2oYn9s8,2oYn9s8,Lister
2017-04-24,2017-06-15,52,43,0,http://bit.ly/2q7WzZF,2q7WzZF,Admin
2017-04-11,2017-06-15,65,41,0,http://bit.ly/2oUvsEK,2oUvsEK,Admin
2017-05-22,2017-06-15,24,39,0,http://bit.ly/2qPRCpM,2qPRCpM,Admin
2017-05-02,2017-06-15,44,38,0,http://bit.ly/2qoBldU,2qoBldU,Lister
2017-05-07,2017-06-15,39,38,0,http://bit.ly/2qG6HwK,2qG6HwK,Admin
2017-05-03,2017-06-15,43,38,0,http://bit.ly/2p6nbck,2p6nbck,Lister
2017-04-09,2017-06-15,67,37,0,http://bit.ly/2on37G4,2on37G4,Admin
2017-05-12,2017-06-15,34,37,0,http://bit.ly/2pseHRV,2pseHRV,Admin
2017-05-15,2017-06-15,31,35,0,http://bit.ly/2qoHNyZ,2qoHNyZ,Admin
2017-05-11,2017-06-15,35,34,0,http://bit.ly/2qw0iUV,2qw0iUV,Lister
2017-05-01,2017-06-15,45,33,0,http://bit.ly/2qlotFa,2qlotFa,Lister
2017-05-24,2017-06-15,22,31,1,http://bit.ly/2qWx5A8,2qWx5A8,Admin
2017-04-25,2017-06-15,51,30,0,http://bit.ly/2q2QtNH,2q2QtNH,Lister
2017-05-10,2017-06-15,36,29,0,http://bit.ly/2pwGZpE,2pwGZpE,Lister
2017-05-26,2017-06-15,20,29,0,http://bit.ly/2r49FZt,2r49FZt,Admin
2017-04-19,2017-06-15,57,27,0,http://bit.ly/2pDeKXI,2pDeKXI,Lister
2017-05-04,2017-06-15,42,27,0,http://bit.ly/2qEsUbJ,2qEsUbJ,Lister
2017-05-01,2017-06-15,45,26,0,http://bit.ly/2pPwQcj,2pPwQcj,Lister
2017-05-04,2017-06-15,42,26,0,http://bit.ly/2qvyTSX,2qvyTSX,Lister
2017-04-11,2017-06-15,65,26,0,http://bit.ly/2oVNqXB,2oVNqXB,Admin
2017-05-05,2017-06-15,41,25,0,http://bit.ly/2qJrmx2,2qJrmx2,Lister
2017-05-22,2017-06-15,24,24,0,http://bit.ly/2q3EwZ3,2q3EwZ3,Admin
2017-04-10,2017-06-15,66,24,0,http://bit.ly/2onNgXQ,2onNgXQ,Admin
2017-04-28,2017-06-15,48,24,0,http://bit.ly/2oQsw7N,2oQsw7N,Lister
2017-06-16,2017-06-15,-1,24,0,http://bit.ly/2shcVl2,2shcVl2,Admin
2017-05-02,2017-06-15,44,23,0,http://bit.ly/2qn1dGR,2qn1dGR,Lister
2017-04-29,2017-06-15,47,23,2,http://bit.ly/2qiYIm1,2qiYIm1,Lister
2017-05-26,2017-06-15,20,23,0,http://bit.ly/2r1Nvaf,2r1Nvaf,Admin
2017-05-18,2017-06-15,28,22,0,http://bit.ly/2pQbWKo,2pQbWKo,Admin
2017-05-04,2017-06-15,42,22,0,http://bit.ly/2pa7st4,2pa7st4,Lister
2017-05-17,2017-06-15,29,22,0,http://bit.ly/2pL7pZH,2pL7pZH,Admin
2017-05-17,2017-06-15,29,21,0,http://bit.ly/2pIrMqB,2pIrMqB,Admin
2017-04-19,2017-06-15,57,21,0,http://bit.ly/2pCXsNi,2pCXsNi,Lister
2017-05-11,2017-06-15,35,21,0,http://bit.ly/2potRIb,2potRIb,Lister
2017-05-10,2017-06-15,36,21,0,http://bit.ly/2qTdIud,2qTdIud,Admin
2017-05-02,2017-06-15,44,20,0,http://bit.ly/2pC6Car,2pC6Car,Admin
2017-05-05,2017-06-15,41,20,0,http://bit.ly/2qAXLbF,2qAXLbF,Lister
2017-05-05,2017-06-15,41,20,0,http://bit.ly/2q8b3N6,2q8b3N6,Lister
2017-05-12,2017-06-15,34,19,0,http://bit.ly/2pstrR3,2pstrR3,Lister
2017-05-12,2017-06-15,34,19,0,http://bit.ly/2qcWu8i,2qcWu8i,Lister
2017-05-31,2017-06-15,15,19,0,http://bit.ly/2qBwCpU,2qBwCpU,Admin
2017-04-27,2017-06-15,49,18,0,http://bit.ly/2p5IYUT,2p5IYUT,Lister
2017-05-12,2017-06-15,34,17,0,http://bit.ly/2pstso5,2pstso5,Admin
2017-06-19,2017-06-15,-4,16,0,http://bit.ly/2sqqePX,2sqqePX,Admin
2017-06-13,2017-06-15,2,16,4,http://bit.ly/2rmzzei,2rmzzei,Admin
2017-04-21,2017-06-15,55,16,0,http://bit.ly/2plQvQN,2plQvQN,Admin
2017-05-11,2017-06-15,35,16,0,http://bit.ly/2r666Sq,2r666Sq,Lister
2017-04-21,2017-06-15,55,15,0,http://bit.ly/2pNfsVi,2pNfsVi,Lister
2017-05-24,2017-06-15,22,15,0,http://bit.ly/2qWoQnx,2qWoQnx,Admin
2017-05-19,2017-06-15,27,15,0,http://bit.ly/2pQUh5e,2pQUh5e,Admin
2017-05-01,2017-06-15,45,15,0,http://bit.ly/2pnZboP,2pnZboP,Lister
2017-05-02,2017-06-15,44,14,0,http://bit.ly/2qoUgW0,2qoUgW0,Lister
2017-05-03,2017-06-15,43,14,0,http://bit.ly/2qzKGwG,2qzKGwG,Lister
2017-05-01,2017-06-15,45,14,0,http://bit.ly/2pPp2XW,2pPp2XW,Lister
2017-05-27,2017-06-15,19,14,0,http://bit.ly/2r7ARGE,2r7ARGE,Admin
2017-05-05,2017-06-15,41,13,0,http://bit.ly/2qAGbEE,2qAGbEE,Admin
2017-05-22,2017-06-15,24,13,0,http://bit.ly/2q3MCkb,2q3MCkb,Lister
2017-04-11,2017-06-15,65,12,0,http://bit.ly/2oVzaxM,2oVzaxM,Lister
2017-06-08,2017-06-15,7,12,0,http://bit.ly/2rR8VYh,2rR8VYh,Admin
2017-05-05,2017-06-14,40,814,3,http://bit.ly/2qAqRZ1,2qAqRZ1,Lister
2017-05-30,2017-06-14,15,427,0,http://bit.ly/2qw2Umg,2qw2Umg,Admin
2017-04-27,2017-06-14,48,330,0,http://bit.ly/2pmhCZb,2pmhCZb,Admin
2017-04-11,2017-06-14,64,252,0,http://bit.ly/2oVMRgw,2oVMRgw,Admin
2017-05-02,2017-06-14,43,201,0,http://bit.ly/2qouOzy,2qouOzy,Admin
2017-04-11,2017-06-14,64,165,0,http://bit.ly/2oVu9pf,2oVu9pf,Admin
2017-06-06,2017-06-14,8,142,0,http://bit.ly/2rId5Bu,2rId5Bu,Admin
2017-05-30,2017-06-14,15,122,1,http://bit.ly/2rgBzBK,2rgBzBK,Admin
2017-05-16,2017-06-14,29,116,0,http://bit.ly/2qtOwb4,2qtOwb4,Admin
2017-06-07,2017-06-14,7,115,1,http://bit.ly/2rLN3gW,2rLN3gW,Admin
2017-05-24,2017-06-14,21,114,0,http://bit.ly/2qWG3NB,2qWG3NB,Lister
2017-04-10,2017-06-14,65,112,0,http://bit.ly/2oZdTD5,2oZdTD5,Admin
2017-05-30,2017-06-14,15,108,69,http://bit.ly/2rgc9Ej,2rgc9Ej,Admin
2017-04-06,2017-06-14,69,104,0,http://bit.ly/2oePuJ5,2oePuJ5,Lister
2017-04-27,2017-06-14,48,100,0,http://bit.ly/2pjZH5p,2pjZH5p,Admin
2017-04-10,2017-06-14,65,98,0,http://bit.ly/2onLVjZ,2onLVjZ,Admin
2017-04-22,2017-06-14,53,90,0,http://bit.ly/2q1B5h9,2q1B5h9,Lister
2017-06-19,2017-06-14,-5,88,0,http://bit.ly/2sqxbAw,2sqxbAw,Lister
2017-05-12,2017-06-14,33,83,0,http://bit.ly/2pq3Fg8,2pq3Fg8,Admin
2017-05-04,2017-06-14,41,77,0,http://bit.ly/2qvGfpk,2qvGfpk,Admin
2017-05-03,2017-06-14,42,75,0,http://bit.ly/2qFQ6p8,2qFQ6p8,Lister
2017-05-01,2017-06-14,44,71,0,http://bit.ly/2pvECVJ,2pvECVJ,Admin
2017-04-26,2017-06-14,49,70,0,http://bit.ly/2pj1RST,2pj1RST,Admin
2017-05-15,2017-06-14,30,69,0,http://bit.ly/2qkwHNw,2qkwHNw,Lister
2017-04-08,2017-06-14,67,69,0,http://bit.ly/2nOEPRk,2nOEPRk,Admin
2017-06-06,2017-06-14,8,66,0,http://bit.ly/2qYKHy5,2qYKHy5,Admin
2017-06-13,2017-06-14,1,65,1,http://bit.ly/2s6cyJQ,2s6cyJQ,Admin
2017-05-01,2017-06-14,44,63,0,http://bit.ly/2qpEKpE,2qpEKpE,Lister
2017-06-05,2017-06-14,9,62,0,http://bit.ly/2rCTwuf,2rCTwuf,Lister
2017-05-26,2017-06-14,19,57,0,http://bit.ly/2r1pWP1,2r1pWP1,Admin
2017-06-13,2017-06-14,1,57,1,http://bit.ly/2rmAr2J,2rmAr2J,Admin
2017-04-09,2017-06-14,66,57,0,http://bit.ly/2onBdKh,2onBdKh,Admin
2017-05-03,2017-06-14,42,56,0,http://bit.ly/2p9cqHc,2p9cqHc,Lister
2017-05-17,2017-06-14,28,52,0,http://bit.ly/2pIur3j,2pIur3j,Admin
2017-05-22,2017-06-14,23,52,0,http://bit.ly/2q0vfkr,2q0vfkr,Admin
2017-04-28,2017-06-14,47,50,0,http://bit.ly/2ptV76K,2ptV76K,Lister
2017-05-04,2017-06-14,41,50,0,http://bit.ly/2qIBR2F,2qIBR2F,Admin
2017-05-04,2017-06-14,41,48,0,http://bit.ly/2qwkm9p,2qwkm9p,Lister
2017-04-19,2017-06-14,56,47,0,http://bit.ly/2pRrKrV,2pRrKrV,Admin
2017-05-15,2017-06-14,30,44,0,http://bit.ly/2r9A7n6,2r9A7n6,Lister
2017-05-03,2017-06-14,42,43,0,http://bit.ly/2oYn9s8,2oYn9s8,Lister
2017-04-24,2017-06-14,51,43,0,http://bit.ly/2q7WzZF,2q7WzZF,Admin
2017-04-11,2017-06-14,64,41,0,http://bit.ly/2oUvsEK,2oUvsEK,Admin
2017-05-22,2017-06-14,23,39,0,http://bit.ly/2qPRCpM,2qPRCpM,Admin
2017-05-02,2017-06-14,43,38,0,http://bit.ly/2qoBldU,2qoBldU,Lister
2017-05-07,2017-06-14,38,38,0,http://bit.ly/2qG6HwK,2qG6HwK,Admin
2017-05-03,2017-06-14,42,38,0,http://bit.ly/2p6nbck,2p6nbck,Lister
2017-04-09,2017-06-14,66,37,0,http://bit.ly/2on37G4,2on37G4,Admin
2017-05-12,2017-06-14,33,37,0,http://bit.ly/2pseHRV,2pseHRV,Admin
2017-05-15,2017-06-14,30,35,0,http://bit.ly/2qoHNyZ,2qoHNyZ,Admin
2017-05-11,2017-06-14,34,34,0,http://bit.ly/2qw0iUV,2qw0iUV,Lister
2017-05-01,2017-06-14,44,33,0,http://bit.ly/2qlotFa,2qlotFa,Lister
2017-05-24,2017-06-14,21,31,0,http://bit.ly/2qWx5A8,2qWx5A8,Admin
2017-04-25,2017-06-14,50,30,0,http://bit.ly/2q2QtNH,2q2QtNH,Lister
2017-05-10,2017-06-14,35,29,0,http://bit.ly/2pwGZpE,2pwGZpE,Lister
2017-05-26,2017-06-14,19,29,0,http://bit.ly/2r49FZt,2r49FZt,Admin
2017-04-19,2017-06-14,56,27,0,http://bit.ly/2pDeKXI,2pDeKXI,Lister
2017-05-04,2017-06-14,41,27,0,http://bit.ly/2qEsUbJ,2qEsUbJ,Lister
2017-05-01,2017-06-14,44,26,0,http://bit.ly/2pPwQcj,2pPwQcj,Lister
2017-05-04,2017-06-14,41,26,0,http://bit.ly/2qvyTSX,2qvyTSX,Lister
2017-04-11,2017-06-14,64,26,0,http://bit.ly/2oVNqXB,2oVNqXB,Admin
2017-05-05,2017-06-14,40,25,0,http://bit.ly/2qJrmx2,2qJrmx2,Lister
2017-05-22,2017-06-14,23,24,0,http://bit.ly/2q3EwZ3,2q3EwZ3,Admin
2017-04-10,2017-06-14,65,24,0,http://bit.ly/2onNgXQ,2onNgXQ,Admin
2017-04-28,2017-06-14,47,24,0,http://bit.ly/2oQsw7N,2oQsw7N,Lister
2017-06-16,2017-06-14,-2,24,0,http://bit.ly/2shcVl2,2shcVl2,Admin
2017-05-02,2017-06-14,43,23,0,http://bit.ly/2qn1dGR,2qn1dGR,Lister
2017-04-29,2017-06-14,46,23,0,http://bit.ly/2qiYIm1,2qiYIm1,Lister
2017-05-26,2017-06-14,19,23,0,http://bit.ly/2r1Nvaf,2r1Nvaf,Admin
2017-05-18,2017-06-14,27,22,0,http://bit.ly/2pQbWKo,2pQbWKo,Admin
2017-05-04,2017-06-14,41,22,0,http://bit.ly/2pa7st4,2pa7st4,Lister
2017-05-17,2017-06-14,28,22,0,http://bit.ly/2pL7pZH,2pL7pZH,Admin
2017-05-17,2017-06-14,28,21,0,http://bit.ly/2pIrMqB,2pIrMqB,Admin
2017-04-19,2017-06-14,56,21,0,http://bit.ly/2pCXsNi,2pCXsNi,Lister
2017-05-11,2017-06-14,34,21,0,http://bit.ly/2potRIb,2potRIb,Lister
2017-05-10,2017-06-14,35,21,0,http://bit.ly/2qTdIud,2qTdIud,Admin
2017-05-02,2017-06-14,43,20,0,http://bit.ly/2pC6Car,2pC6Car,Admin
2017-05-05,2017-06-14,40,20,0,http://bit.ly/2qAXLbF,2qAXLbF,Lister
2017-05-05,2017-06-14,40,20,0,http://bit.ly/2q8b3N6,2q8b3N6,Lister
2017-05-12,2017-06-14,33,19,0,http://bit.ly/2pstrR3,2pstrR3,Lister
2017-05-12,2017-06-14,33,19,0,http://bit.ly/2qcWu8i,2qcWu8i,Lister
2017-05-31,2017-06-14,14,19,0,http://bit.ly/2qBwCpU,2qBwCpU,Admin
2017-04-27,2017-06-14,48,18,0,http://bit.ly/2p5IYUT,2p5IYUT,Lister
2017-05-12,2017-06-14,33,17,0,http://bit.ly/2pstso5,2pstso5,Admin
2017-06-19,2017-06-14,-5,16,0,http://bit.ly/2sqqePX,2sqqePX,Admin
2017-06-13,2017-06-14,1,16,11,http://bit.ly/2rmzzei,2rmzzei,Admin
2017-04-21,2017-06-14,54,16,0,http://bit.ly/2plQvQN,2plQvQN,Admin
2017-05-11,2017-06-14,34,16,0,http://bit.ly/2r666Sq,2r666Sq,Lister
2017-04-21,2017-06-14,54,15,0,http://bit.ly/2pNfsVi,2pNfsVi,Lister
2017-05-24,2017-06-14,21,15,0,http://bit.ly/2qWoQnx,2qWoQnx,Admin
2017-05-19,2017-06-14,26,15,0,http://bit.ly/2pQUh5e,2pQUh5e,Admin
2017-05-01,2017-06-14,44,15,0,http://bit.ly/2pnZboP,2pnZboP,Lister
2017-05-02,2017-06-14,43,14,0,http://bit.ly/2qoUgW0,2qoUgW0,Lister
2017-05-03,2017-06-14,42,14,0,http://bit.ly/2qzKGwG,2qzKGwG,Lister
2017-05-01,2017-06-14,44,14,0,http://bit.ly/2pPp2XW,2pPp2XW,Lister
2017-05-27,2017-06-14,18,14,0,http://bit.ly/2r7ARGE,2r7ARGE,Admin
2017-05-05,2017-06-14,40,13,0,http://bit.ly/2qAGbEE,2qAGbEE,Admin
2017-05-22,2017-06-14,23,13,0,http://bit.ly/2q3MCkb,2q3MCkb,Lister
2017-04-11,2017-06-14,64,12,0,http://bit.ly/2oVzaxM,2oVzaxM,Lister
2017-06-08,2017-06-14,6,12,1,http://bit.ly/2rR8VYh,2rR8VYh,Admin
2017-05-05,2017-06-13,39,814,1,http://bit.ly/2qAqRZ1,2qAqRZ1,Lister
2017-05-30,2017-06-13,14,427,3,http://bit.ly/2qw2Umg,2qw2Umg,Admin
2017-04-27,2017-06-13,47,330,0,http://bit.ly/2pmhCZb,2pmhCZb,Admin
2017-04-11,2017-06-13,63,252,0,http://bit.ly/2oVMRgw,2oVMRgw,Admin
2017-05-02,2017-06-13,42,201,0,http://bit.ly/2qouOzy,2qouOzy,Admin
2017-04-11,2017-06-13,63,165,0,http://bit.ly/2oVu9pf,2oVu9pf,Admin
2017-06-06,2017-06-13,7,142,1,http://bit.ly/2rId5Bu,2rId5Bu,Admin
2017-05-30,2017-06-13,14,122,0,http://bit.ly/2rgBzBK,2rgBzBK,Admin
2017-05-16,2017-06-13,28,116,1,http://bit.ly/2qtOwb4,2qtOwb4,Admin
2017-06-07,2017-06-13,6,115,2,http://bit.ly/2rLN3gW,2rLN3gW,Admin
2017-05-24,2017-06-13,20,114,0,http://bit.ly/2qWG3NB,2qWG3NB,Lister
2017-04-10,2017-06-13,64,112,0,http://bit.ly/2oZdTD5,2oZdTD5,Admin
2017-05-30,2017-06-13,14,108,23,http://bit.ly/2rgc9Ej,2rgc9Ej,Admin
2017-04-06,2017-06-13,68,104,0,http://bit.ly/2oePuJ5,2oePuJ5,Lister
2017-04-27,2017-06-13,47,100,0,http://bit.ly/2pjZH5p,2pjZH5p,Admin
2017-04-10,2017-06-13,64,98,0,http://bit.ly/2onLVjZ,2onLVjZ,Admin
2017-04-22,2017-06-13,52,90,1,http://bit.ly/2q1B5h9,2q1B5h9,Lister
2017-06-19,2017-06-13,-6,88,0,http://bit.ly/2sqxbAw,2sqxbAw,Lister
2017-05-12,2017-06-13,32,83,0,http://bit.ly/2pq3Fg8,2pq3Fg8,Admin
2017-05-04,2017-06-13,40,77,0,http://bit.ly/2qvGfpk,2qvGfpk,Admin
2017-05-03,2017-06-13,41,75,1,http://bit.ly/2qFQ6p8,2qFQ6p8,Lister
2017-05-01,2017-06-13,43,71,0,http://bit.ly/2pvECVJ,2pvECVJ,Admin
2017-04-26,2017-06-13,48,70,0,http://bit.ly/2pj1RST,2pj1RST,Admin
2017-05-15,2017-06-13,29,69,0,http://bit.ly/2qkwHNw,2qkwHNw,Lister
2017-04-08,2017-06-13,66,69,0,http://bit.ly/2nOEPRk,2nOEPRk,Admin
2017-06-06,2017-06-13,7,66,2,http://bit.ly/2qYKHy5,2qYKHy5,Admin
2017-06-13,2017-06-13,0,65,1,http://bit.ly/2s6cyJQ,2s6cyJQ,Admin
2017-05-01,2017-06-13,43,63,0,http://bit.ly/2qpEKpE,2qpEKpE,Lister
2017-06-05,2017-06-13,8,62,0,http://bit.ly/2rCTwuf,2rCTwuf,Lister
2017-05-26,2017-06-13,18,57,0,http://bit.ly/2r1pWP1,2r1pWP1,Admin
2017-06-13,2017-06-13,0,57,0,http://bit.ly/2rmAr2J,2rmAr2J,Admin
2017-04-09,2017-06-13,65,57,0,http://bit.ly/2onBdKh,2onBdKh,Admin
2017-05-03,2017-06-13,41,56,0,http://bit.ly/2p9cqHc,2p9cqHc,Lister
2017-05-17,2017-06-13,27,52,0,http://bit.ly/2pIur3j,2pIur3j,Admin
2017-05-22,2017-06-13,22,52,0,http://bit.ly/2q0vfkr,2q0vfkr,Admin
2017-04-28,2017-06-13,46,50,0,http://bit.ly/2ptV76K,2ptV76K,Lister
2017-05-04,2017-06-13,40,50,0,http://bit.ly/2qIBR2F,2qIBR2F,Admin
2017-05-04,2017-06-13,40,48,0,http://bit.ly/2qwkm9p,2qwkm9p,Lister
2017-04-19,2017-06-13,55,47,0,http://bit.ly/2pRrKrV,2pRrKrV,Admin
2017-05-15,2017-06-13,29,44,0,http://bit.ly/2r9A7n6,2r9A7n6,Lister
2017-05-03,2017-06-13,41,43,0,http://bit.ly/2oYn9s8,2oYn9s8,Lister
2017-04-24,2017-06-13,50,43,0,http://bit.ly/2q7WzZF,2q7WzZF,Admin
2017-04-11,2017-06-13,63,41,0,http://bit.ly/2oUvsEK,2oUvsEK,Admin
2017-05-22,2017-06-13,22,39,0,http://bit.ly/2qPRCpM,2qPRCpM,Admin
2017-05-02,2017-06-13,42,38,0,http://bit.ly/2qoBldU,2qoBldU,Lister
2017-05-07,2017-06-13,37,38,0,http://bit.ly/2qG6HwK,2qG6HwK,Admin
2017-05-03,2017-06-13,41,38,0,http://bit.ly/2p6nbck,2p6nbck,Lister
2017-04-09,2017-06-13,65,37,0,http://bit.ly/2on37G4,2on37G4,Admin
2017-05-12,2017-06-13,32,37,0,http://bit.ly/2pseHRV,2pseHRV,Admin
2017-05-15,2017-06-13,29,35,0,http://bit.ly/2qoHNyZ,2qoHNyZ,Admin
2017-05-11,2017-06-13,33,34,0,http://bit.ly/2qw0iUV,2qw0iUV,Lister
2017-05-01,2017-06-13,43,33,0,http://bit.ly/2qlotFa,2qlotFa,Lister
2017-05-24,2017-06-13,20,31,0,http://bit.ly/2qWx5A8,2qWx5A8,Admin
2017-04-25,2017-06-13,49,30,0,http://bit.ly/2q2QtNH,2q2QtNH,Lister
2017-05-10,2017-06-13,34,29,0,http://bit.ly/2pwGZpE,2pwGZpE,Lister
2017-05-26,2017-06-13,18,29,0,http://bit.ly/2r49FZt,2r49FZt,Admin
2017-04-19,2017-06-13,55,27,0,http://bit.ly/2pDeKXI,2pDeKXI,Lister
2017-05-04,2017-06-13,40,27,0,http://bit.ly/2qEsUbJ,2qEsUbJ,Lister
2017-05-01,2017-06-13,43,26,0,http://bit.ly/2pPwQcj,2pPwQcj,Lister
2017-05-04,2017-06-13,40,26,0,http://bit.ly/2qvyTSX,2qvyTSX,Lister
2017-04-11,2017-06-13,63,26,0,http://bit.ly/2oVNqXB,2oVNqXB,Admin
2017-05-05,2017-06-13,39,25,0,http://bit.ly/2qJrmx2,2qJrmx2,Lister
2017-05-22,2017-06-13,22,24,0,http://bit.ly/2q3EwZ3,2q3EwZ3,Admin
2017-04-10,2017-06-13,64,24,0,http://bit.ly/2onNgXQ,2onNgXQ,Admin
2017-04-28,2017-06-13,46,24,0,http://bit.ly/2oQsw7N,2oQsw7N,Lister
2017-06-16,2017-06-13,-3,24,0,http://bit.ly/2shcVl2,2shcVl2,Admin
2017-05-02,2017-06-13,42,23,0,http://bit.ly/2qn1dGR,2qn1dGR,Lister
2017-04-29,2017-06-13,45,23,0,http://bit.ly/2qiYIm1,2qiYIm1,Lister
2017-05-26,2017-06-13,18,23,0,http://bit.ly/2r1Nvaf,2r1Nvaf,Admin
2017-05-18,2017-06-13,26,22,0,http://bit.ly/2pQbWKo,2pQbWKo,Admin
2017-05-04,2017-06-13,40,22,0,http://bit.ly/2pa7st4,2pa7st4,Lister
2017-05-17,2017-06-13,27,22,0,http://bit.ly/2pL7pZH,2pL7pZH,Admin
2017-05-17,2017-06-13,27,21,0,http://bit.ly/2pIrMqB,2pIrMqB,Admin
2017-04-19,2017-06-13,55,21,0,http://bit.ly/2pCXsNi,2pCXsNi,Lister
2017-05-11,2017-06-13,33,21,0,http://bit.ly/2potRIb,2potRIb,Lister
2017-05-10,2017-06-13,34,21,0,http://bit.ly/2qTdIud,2qTdIud,Admin
2017-05-02,2017-06-13,42,20,0,http://bit.ly/2pC6Car,2pC6Car,Admin
2017-05-05,2017-06-13,39,20,0,http://bit.ly/2qAXLbF,2qAXLbF,Lister
2017-05-05,2017-06-13,39,20,0,http://bit.ly/2q8b3N6,2q8b3N6,Lister
2017-05-12,2017-06-13,32,19,0,http://bit.ly/2pstrR3,2pstrR3,Lister
2017-05-12,2017-06-13,32,19,0,http://bit.ly/2qcWu8i,2qcWu8i,Lister
2017-05-31,2017-06-13,13,19,0,http://bit.ly/2qBwCpU,2qBwCpU,Admin
2017-04-27,2017-06-13,47,18,0,http://bit.ly/2p5IYUT,2p5IYUT,Lister
2017-05-12,2017-06-13,32,17,0,http://bit.ly/2pstso5,2pstso5,Admin
2017-06-19,2017-06-13,-6,16,0,http://bit.ly/2sqqePX,2sqqePX,Admin
2017-06-13,2017-06-13,0,16,0,http://bit.ly/2rmzzei,2rmzzei,Admin
2017-04-21,2017-06-13,53,16,0,http://bit.ly/2plQvQN,2plQvQN,Admin
2017-05-11,2017-06-13,33,16,0,http://bit.ly/2r666Sq,2r666Sq,Lister
2017-04-21,2017-06-13,53,15,0,http://bit.ly/2pNfsVi,2pNfsVi,Lister
2017-05-24,2017-06-13,20,15,0,http://bit.ly/2qWoQnx,2qWoQnx,Admin
2017-05-19,2017-06-13,25,15,0,http://bit.ly/2pQUh5e,2pQUh5e,Admin
2017-05-01,2017-06-13,43,15,0,http://bit.ly/2pnZboP,2pnZboP,Lister
2017-05-02,2017-06-13,42,14,0,http://bit.ly/2qoUgW0,2qoUgW0,Lister
2017-05-03,2017-06-13,41,14,0,http://bit.ly/2qzKGwG,2qzKGwG,Lister
2017-05-01,2017-06-13,43,14,0,http://bit.ly/2pPp2XW,2pPp2XW,Lister
2017-05-27,2017-06-13,17,14,0,http://bit.ly/2r7ARGE,2r7ARGE,Admin
2017-05-05,2017-06-13,39,13,0,http://bit.ly/2qAGbEE,2qAGbEE,Admin
2017-05-22,2017-06-13,22,13,0,http://bit.ly/2q3MCkb,2q3MCkb,Lister
2017-04-11,2017-06-13,63,12,0,http://bit.ly/2oVzaxM,2oVzaxM,Lister
2017-06-08,2017-06-13,5,12,3,http://bit.ly/2rR8VYh,2rR8VYh,Admin
2017-05-05,2017-06-12,38,814,0,http://bit.ly/2qAqRZ1,2qAqRZ1,Lister
2017-05-30,2017-06-12,13,427,6,http://bit.ly/2qw2Umg,2qw2Umg,Admin
2017-04-27,2017-06-12,46,330,0,http://bit.ly/2pmhCZb,2pmhCZb,Admin
2017-04-11,2017-06-12,62,252,0,http://bit.ly/2oVMRgw,2oVMRgw,Admin
2017-05-02,2017-06-12,41,201,0,http://bit.ly/2qouOzy,2qouOzy,Admin
2017-04-11,2017-06-12,62,165,0,http://bit.ly/2oVu9pf,2oVu9pf,Admin
2017-06-06,2017-06-12,6,142,2,http://bit.ly/2rId5Bu,2rId5Bu,Admin
2017-05-30,2017-06-12,13,122,0,http://bit.ly/2rgBzBK,2rgBzBK,Admin
2017-05-16,2017-06-12,27,116,0,http://bit.ly/2qtOwb4,2qtOwb4,Admin
2017-06-07,2017-06-12,5,115,3,http://bit.ly/2rLN3gW,2rLN3gW,Admin
2017-05-24,2017-06-12,19,114,0,http://bit.ly/2qWG3NB,2qWG3NB,Lister
2017-04-10,2017-06-12,63,112,0,http://bit.ly/2oZdTD5,2oZdTD5,Admin
2017-05-30,2017-06-12,13,108,0,http://bit.ly/2rgc9Ej,2rgc9Ej,Admin
2017-04-06,2017-06-12,67,104,0,http://bit.ly/2oePuJ5,2oePuJ5,Lister
2017-04-27,2017-06-12,46,100,0,http://bit.ly/2pjZH5p,2pjZH5p,Admin
2017-04-10,2017-06-12,63,98,0,http://bit.ly/2onLVjZ,2onLVjZ,Admin
2017-04-22,2017-06-12,51,90,1,http://bit.ly/2q1B5h9,2q1B5h9,Lister
2017-06-19,2017-06-12,-7,88,0,http://bit.ly/2sqxbAw,2sqxbAw,Lister
2017-05-12,2017-06-12,31,83,0,http://bit.ly/2pq3Fg8,2pq3Fg8,Admin
2017-05-04,2017-06-12,39,77,0,http://bit.ly/2qvGfpk,2qvGfpk,Admin
2017-05-03,2017-06-12,40,75,0,http://bit.ly/2qFQ6p8,2qFQ6p8,Lister
2017-05-01,2017-06-12,42,71,0,http://bit.ly/2pvECVJ,2pvECVJ,Admin
2017-04-26,2017-06-12,47,70,0,http://bit.ly/2pj1RST,2pj1RST,Admin
2017-05-15,2017-06-12,28,69,0,http://bit.ly/2qkwHNw,2qkwHNw,Lister
2017-04-08,2017-06-12,65,69,0,http://bit.ly/2nOEPRk,2nOEPRk,Admin
2017-06-06,2017-06-12,6,66,1,http://bit.ly/2qYKHy5,2qYKHy5,Admin
2017-06-13,2017-06-12,-1,65,0,http://bit.ly/2s6cyJQ,2s6cyJQ,Admin
2017-05-01,2017-06-12,42,63,0,http://bit.ly/2qpEKpE,2qpEKpE,Lister
2017-06-05,2017-06-12,7,62,0,http://bit.ly/2rCTwuf,2rCTwuf,Lister
2017-05-26,2017-06-12,17,57,0,http://bit.ly/2r1pWP1,2r1pWP1,Admin
2017-06-13,2017-06-12,-1,57,0,http://bit.ly/2rmAr2J,2rmAr2J,Admin
2017-04-09,2017-06-12,64,57,0,http://bit.ly/2onBdKh,2onBdKh,Admin
2017-05-03,2017-06-12,40,56,0,http://bit.ly/2p9cqHc,2p9cqHc,Lister
2017-05-17,2017-06-12,26,52,0,http://bit.ly/2pIur3j,2pIur3j,Admin
2017-05-22,2017-06-12,21,52,1,http://bit.ly/2q0vfkr,2q0vfkr,Admin
2017-04-28,2017-06-12,45,50,0,http://bit.ly/2ptV76K,2ptV76K,Lister
2017-05-04,2017-06-12,39,50,0,http://bit.ly/2qIBR2F,2qIBR2F,Admin
2017-05-04,2017-06-12,39,48,0,http://bit.ly/2qwkm9p,2qwkm9p,Lister
2017-04-19,2017-06-12,54,47,0,http://bit.ly/2pRrKrV,2pRrKrV,Admin
2017-05-15,2017-06-12,28,44,1,http://bit.ly/2r9A7n6,2r9A7n6,Lister
2017-05-03,2017-06-12,40,43,0,http://bit.ly/2oYn9s8,2oYn9s8,Lister
2017-04-24,2017-06-12,49,43,0,http://bit.ly/2q7WzZF,2q7WzZF,Admin
2017-04-11,2017-06-12,62,41,0,http://bit.ly/2oUvsEK,2oUvsEK,Admin
2017-05-22,2017-06-12,21,39,0,http://bit.ly/2qPRCpM,2qPRCpM,Admin
2017-05-02,2017-06-12,41,38,0,http://bit.ly/2qoBldU,2qoBldU,Lister
2017-05-07,2017-06-12,36,38,0,http://bit.ly/2qG6HwK,2qG6HwK,Admin
2017-05-03,2017-06-12,40,38,0,http://bit.ly/2p6nbck,2p6nbck,Lister
2017-04-09,2017-06-12,64,37,0,http://bit.ly/2on37G4,2on37G4,Admin
2017-05-12,2017-06-12,31,37,1,http://bit.ly/2pseHRV,2pseHRV,Admin
2017-05-15,2017-06-12,28,35,0,http://bit.ly/2qoHNyZ,2qoHNyZ,Admin
2017-05-11,2017-06-12,32,34,0,http://bit.ly/2qw0iUV,2qw0iUV,Lister
2017-05-01,2017-06-12,42,33,0,http://bit.ly/2qlotFa,2qlotFa,Lister
2017-05-24,2017-06-12,19,31,1,http://bit.ly/2qWx5A8,2qWx5A8,Admin
2017-04-25,2017-06-12,48,30,0,http://bit.ly/2q2QtNH,2q2QtNH,Lister
2017-05-10,2017-06-12,33,29,0,http://bit.ly/2pwGZpE,2pwGZpE,Lister
2017-05-26,2017-06-12,17,29,0,http://bit.ly/2r49FZt,2r49FZt,Admin
2017-04-19,2017-06-12,54,27,0,http://bit.ly/2pDeKXI,2pDeKXI,Lister
2017-05-04,2017-06-12,39,27,0,http://bit.ly/2qEsUbJ,2qEsUbJ,Lister
2017-05-01,2017-06-12,42,26,0,http://bit.ly/2pPwQcj,2pPwQcj,Lister
2017-05-04,2017-06-12,39,26,0,http://bit.ly/2qvyTSX,2qvyTSX,Lister
2017-04-11,2017-06-12,62,26,0,http://bit.ly/2oVNqXB,2oVNqXB,Admin
2017-05-05,2017-06-12,38,25,0,http://bit.ly/2qJrmx2,2qJrmx2,Lister
2017-05-22,2017-06-12,21,24,0,http://bit.ly/2q3EwZ3,2q3EwZ3,Admin
2017-04-10,2017-06-12,63,24,0,http://bit.ly/2onNgXQ,2onNgXQ,Admin
2017-04-28,2017-06-12,45,24,0,http://bit.ly/2oQsw7N,2oQsw7N,Lister
2017-06-16,2017-06-12,-4,24,0,http://bit.ly/2shcVl2,2shcVl2,Admin
2017-05-02,2017-06-12,41,23,0,http://bit.ly/2qn1dGR,2qn1dGR,Lister
2017-04-29,2017-06-12,44,23,0,http://bit.ly/2qiYIm1,2qiYIm1,Lister
2017-05-26,2017-06-12,17,23,0,http://bit.ly/2r1Nvaf,2r1Nvaf,Admin
2017-05-18,2017-06-12,25,22,0,http://bit.ly/2pQbWKo,2pQbWKo,Admin
2017-05-04,2017-06-12,39,22,0,http://bit.ly/2pa7st4,2pa7st4,Lister
2017-05-17,2017-06-12,26,22,0,http://bit.ly/2pL7pZH,2pL7pZH,Admin
2017-05-17,2017-06-12,26,21,0,http://bit.ly/2pIrMqB,2pIrMqB,Admin
2017-04-19,2017-06-12,54,21,0,http://bit.ly/2pCXsNi,2pCXsNi,Lister
2017-05-11,2017-06-12,32,21,0,http://bit.ly/2potRIb,2potRIb,Lister
2017-05-10,2017-06-12,33,21,0,http://bit.ly/2qTdIud,2qTdIud,Admin
2017-05-02,2017-06-12,41,20,0,http://bit.ly/2pC6Car,2pC6Car,Admin
2017-05-05,2017-06-12,38,20,0,http://bit.ly/2qAXLbF,2qAXLbF,Lister
2017-05-05,2017-06-12,38,20,0,http://bit.ly/2q8b3N6,2q8b3N6,Lister
2017-05-12,2017-06-12,31,19,0,http://bit.ly/2pstrR3,2pstrR3,Lister
2017-05-12,2017-06-12,31,19,0,http://bit.ly/2qcWu8i,2qcWu8i,Lister
2017-05-31,2017-06-12,12,19,1,http://bit.ly/2qBwCpU,2qBwCpU,Admin
2017-04-27,2017-06-12,46,18,0,http://bit.ly/2p5IYUT,2p5IYUT,Lister
2017-05-12,2017-06-12,31,17,0,http://bit.ly/2pstso5,2pstso5,Admin
2017-06-19,2017-06-12,-7,16,0,http://bit.ly/2sqqePX,2sqqePX,Admin
2017-06-13,2017-06-12,-1,16,0,http://bit.ly/2rmzzei,2rmzzei,Admin
2017-04-21,2017-06-12,52,16,0,http://bit.ly/2plQvQN,2plQvQN,Admin
2017-05-11,2017-06-12,32,16,0,http://bit.ly/2r666Sq,2r666Sq,Lister
2017-04-21,2017-06-12,52,15,0,http://bit.ly/2pNfsVi,2pNfsVi,Lister
2017-05-24,2017-06-12,19,15,0,http://bit.ly/2qWoQnx,2qWoQnx,Admin
2017-05-19,2017-06-12,24,15,0,http://bit.ly/2pQUh5e,2pQUh5e,Admin
2017-05-01,2017-06-12,42,15,0,http://bit.ly/2pnZboP,2pnZboP,Lister
2017-05-02,2017-06-12,41,14,0,http://bit.ly/2qoUgW0,2qoUgW0,Lister
2017-05-03,2017-06-12,40,14,0,http://bit.ly/2qzKGwG,2qzKGwG,Lister
2017-05-01,2017-06-12,42,14,0,http://bit.ly/2pPp2XW,2pPp2XW,Lister
2017-05-27,2017-06-12,16,14,1,http://bit.ly/2r7ARGE,2r7ARGE,Admin
2017-05-05,2017-06-12,38,13,0,http://bit.ly/2qAGbEE,2qAGbEE,Admin
2017-05-22,2017-06-12,21,13,0,http://bit.ly/2q3MCkb,2q3MCkb,Lister
2017-04-11,2017-06-12,62,12,0,http://bit.ly/2oVzaxM,2oVzaxM,Lister
2017-06-08,2017-06-12,4,12,4,http://bit.ly/2rR8VYh,2rR8VYh,Admin
2017-05-05,2017-06-11,37,814,0,http://bit.ly/2qAqRZ1,2qAqRZ1,Lister
2017-05-30,2017-06-11,12,427,4,http://bit.ly/2qw2Umg,2qw2Umg,Admin
2017-04-27,2017-06-11,45,330,0,http://bit.ly/2pmhCZb,2pmhCZb,Admin
2017-04-11,2017-06-11,61,252,0,http://bit.ly/2oVMRgw,2oVMRgw,Admin
2017-05-02,2017-06-11,40,201,0,http://bit.ly/2qouOzy,2qouOzy,Admin
2017-04-11,2017-06-11,61,165,0,http://bit.ly/2oVu9pf,2oVu9pf,Admin
2017-06-06,2017-06-11,5,142,4,http://bit.ly/2rId5Bu,2rId5Bu,Admin
2017-05-30,2017-06-11,12,122,2,http://bit.ly/2rgBzBK,2rgBzBK,Admin
2017-05-16,2017-06-11,26,116,0,http://bit.ly/2qtOwb4,2qtOwb4,Admin
2017-06-07,2017-06-11,4,115,6,http://bit.ly/2rLN3gW,2rLN3gW,Admin
2017-05-24,2017-06-11,18,114,0,http://bit.ly/2qWG3NB,2qWG3NB,Lister
2017-04-10,2017-06-11,62,112,0,http://bit.ly/2oZdTD5,2oZdTD5,Admin
2017-05-30,2017-06-11,12,108,0,http://bit.ly/2rgc9Ej,2rgc9Ej,Admin
2017-04-06,2017-06-11,66,104,0,http://bit.ly/2oePuJ5,2oePuJ5,Lister
2017-04-27,2017-06-11,45,100,0,http://bit.ly/2pjZH5p,2pjZH5p,Admin
2017-04-10,2017-06-11,62,98,0,http://bit.ly/2onLVjZ,2onLVjZ,Admin
2017-04-22,2017-06-11,50,90,0,http://bit.ly/2q1B5h9,2q1B5h9,Lister
2017-06-19,2017-06-11,-8,88,0,http://bit.ly/2sqxbAw,2sqxbAw,Lister
2017-05-12,2017-06-11,30,83,2,http://bit.ly/2pq3Fg8,2pq3Fg8,Admin
2017-05-04,2017-06-11,38,77,1,http://bit.ly/2qvGfpk,2qvGfpk,Admin
2017-05-03,2017-06-11,39,75,0,http://bit.ly/2qFQ6p8,2qFQ6p8,Lister
2017-05-01,2017-06-11,41,71,1,http://bit.ly/2pvECVJ,2pvECVJ,Admin
2017-04-26,2017-06-11,46,70,0,http://bit.ly/2pj1RST,2pj1RST,Admin
2017-05-15,2017-06-11,27,69,0,http://bit.ly/2qkwHNw,2qkwHNw,Lister
2017-04-08,2017-06-11,64,69,0,http://bit.ly/2nOEPRk,2nOEPRk,Admin
2017-06-06,2017-06-11,5,66,6,http://bit.ly/2qYKHy5,2qYKHy5,Admin
2017-06-13,2017-06-11,-2,65,0,http://bit.ly/2s6cyJQ,2s6cyJQ,Admin
2017-05-01,2017-06-11,41,63,0,http://bit.ly/2qpEKpE,2qpEKpE,Lister
2017-06-05,2017-06-11,6,62,0,http://bit.ly/2rCTwuf,2rCTwuf,Lister
2017-05-26,2017-06-11,16,57,0,http://bit.ly/2r1pWP1,2r1pWP1,Admin
2017-06-13,2017-06-11,-2,57,0,http://bit.ly/2rmAr2J,2rmAr2J,Admin
2017-04-09,2017-06-11,63,57,0,http://bit.ly/2onBdKh,2onBdKh,Admin
2017-05-03,2017-06-11,39,56,0,http://bit.ly/2p9cqHc,2p9cqHc,Lister
2017-05-17,2017-06-11,25,52,0,http://bit.ly/2pIur3j,2pIur3j,Admin
2017-05-22,2017-06-11,20,52,0,http://bit.ly/2q0vfkr,2q0vfkr,Admin
2017-04-28,2017-06-11,44,50,0,http://bit.ly/2ptV76K,2ptV76K,Lister
2017-05-04,2017-06-11,38,50,0,http://bit.ly/2qIBR2F,2qIBR2F,Admin
2017-05-04,2017-06-11,38,48,0,http://bit.ly/2qwkm9p,2qwkm9p,Lister
2017-04-19,2017-06-11,53,47,0,http://bit.ly/2pRrKrV,2pRrKrV,Admin
2017-05-15,2017-06-11,27,44,0,http://bit.ly/2r9A7n6,2r9A7n6,Lister
2017-05-03,2017-06-11,39,43,0,http://bit.ly/2oYn9s8,2oYn9s8,Lister
2017-04-24,2017-06-11,48,43,0,http://bit.ly/2q7WzZF,2q7WzZF,Admin
2017-04-11,2017-06-11,61,41,0,http://bit.ly/2oUvsEK,2oUvsEK,Admin
2017-05-22,2017-06-11,20,39,0,http://bit.ly/2qPRCpM,2qPRCpM,Admin
2017-05-02,2017-06-11,40,38,0,http://bit.ly/2qoBldU,2qoBldU,Lister
2017-05-07,2017-06-11,35,38,0,http://bit.ly/2qG6HwK,2qG6HwK,Admin
2017-05-03,2017-06-11,39,38,0,http://bit.ly/2p6nbck,2p6nbck,Lister
2017-04-09,2017-06-11,63,37,0,http://bit.ly/2on37G4,2on37G4,Admin
2017-05-12,2017-06-11,30,37,0,http://bit.ly/2pseHRV,2pseHRV,Admin
2017-05-15,2017-06-11,27,35,0,http://bit.ly/2qoHNyZ,2qoHNyZ,Admin
2017-05-11,2017-06-11,31,34,0,http://bit.ly/2qw0iUV,2qw0iUV,Lister
2017-05-01,2017-06-11,41,33,0,http://bit.ly/2qlotFa,2qlotFa,Lister
2017-05-24,2017-06-11,18,31,0,http://bit.ly/2qWx5A8,2qWx5A8,Admin
2017-04-25,2017-06-11,47,30,0,http://bit.ly/2q2QtNH,2q2QtNH,Lister
2017-05-10,2017-06-11,32,29,0,http://bit.ly/2pwGZpE,2pwGZpE,Lister
2017-05-26,2017-06-11,16,29,0,http://bit.ly/2r49FZt,2r49FZt,Admin
2017-04-19,2017-06-11,53,27,0,http://bit.ly/2pDeKXI,2pDeKXI,Lister
2017-05-04,2017-06-11,38,27,0,http://bit.ly/2qEsUbJ,2qEsUbJ,Lister
2017-05-01,2017-06-11,41,26,0,http://bit.ly/2pPwQcj,2pPwQcj,Lister
2017-05-04,2017-06-11,38,26,0,http://bit.ly/2qvyTSX,2qvyTSX,Lister
2017-04-11,2017-06-11,61,26,0,http://bit.ly/2oVNqXB,2oVNqXB,Admin
2017-05-05,2017-06-11,37,25,0,http://bit.ly/2qJrmx2,2qJrmx2,Lister
2017-05-22,2017-06-11,20,24,0,http://bit.ly/2q3EwZ3,2q3EwZ3,Admin
2017-04-10,2017-06-11,62,24,0,http://bit.ly/2onNgXQ,2onNgXQ,Admin
2017-04-28,2017-06-11,44,24,0,http://bit.ly/2oQsw7N,2oQsw7N,Lister
2017-06-16,2017-06-11,-5,24,0,http://bit.ly/2shcVl2,2shcVl2,Admin
2017-05-02,2017-06-11,40,23,0,http://bit.ly/2qn1dGR,2qn1dGR,Lister
2017-04-29,2017-06-11,43,23,0,http://bit.ly/2qiYIm1,2qiYIm1,Lister
2017-05-26,2017-06-11,16,23,1,http://bit.ly/2r1Nvaf,2r1Nvaf,Admin
2017-05-18,2017-06-11,24,22,0,http://bit.ly/2pQbWKo,2pQbWKo,Admin
2017-05-04,2017-06-11,38,22,0,http://bit.ly/2pa7st4,2pa7st4,Lister
2017-05-17,2017-06-11,25,22,0,http://bit.ly/2pL7pZH,2pL7pZH,Admin
2017-05-17,2017-06-11,25,21,0,http://bit.ly/2pIrMqB,2pIrMqB,Admin
2017-04-19,2017-06-11,53,21,0,http://bit.ly/2pCXsNi,2pCXsNi,Lister
2017-05-11,2017-06-11,31,21,0,http://bit.ly/2potRIb,2potRIb,Lister
2017-05-10,2017-06-11,32,21,0,http://bit.ly/2qTdIud,2qTdIud,Admin
2017-05-02,2017-06-11,40,20,0,http://bit.ly/2pC6Car,2pC6Car,Admin
2017-05-05,2017-06-11,37,20,0,http://bit.ly/2qAXLbF,2qAXLbF,Lister
2017-05-05,2017-06-11,37,20,0,http://bit.ly/2q8b3N6,2q8b3N6,Lister
2017-05-12,2017-06-11,30,19,0,http://bit.ly/2pstrR3,2pstrR3,Lister
2017-05-12,2017-06-11,30,19,0,http://bit.ly/2qcWu8i,2qcWu8i,Lister
2017-05-31,2017-06-11,11,19,0,http://bit.ly/2qBwCpU,2qBwCpU,Admin
2017-04-27,2017-06-11,45,18,0,http://bit.ly/2p5IYUT,2p5IYUT,Lister
2017-05-12,2017-06-11,30,17,0,http://bit.ly/2pstso5,2pstso5,Admin
2017-06-19,2017-06-11,-8,16,0,http://bit.ly/2sqqePX,2sqqePX,Admin
2017-06-13,2017-06-11,-2,16,0,http://bit.ly/2rmzzei,2rmzzei,Admin
2017-04-21,2017-06-11,51,16,0,http://bit.ly/2plQvQN,2plQvQN,Admin
2017-05-11,2017-06-11,31,16,0,http://bit.ly/2r666Sq,2r666Sq,Lister
2017-04-21,2017-06-11,51,15,0,http://bit.ly/2pNfsVi,2pNfsVi,Lister
2017-05-24,2017-06-11,18,15,0,http://bit.ly/2qWoQnx,2qWoQnx,Admin
2017-05-19,2017-06-11,23,15,0,http://bit.ly/2pQUh5e,2pQUh5e,Admin
2017-05-01,2017-06-11,41,15,0,http://bit.ly/2pnZboP,2pnZboP,Lister
2017-05-02,2017-06-11,40,14,0,http://bit.ly/2qoUgW0,2qoUgW0,Lister
2017-05-03,2017-06-11,39,14,0,http://bit.ly/2qzKGwG,2qzKGwG,Lister
2017-05-01,2017-06-11,41,14,0,http://bit.ly/2pPp2XW,2pPp2XW,Lister
2017-05-27,2017-06-11,15,14,0,http://bit.ly/2r7ARGE,2r7ARGE,Admin
2017-05-05,2017-06-11,37,13,0,http://bit.ly/2qAGbEE,2qAGbEE,Admin
2017-05-22,2017-06-11,20,13,0,http://bit.ly/2q3MCkb,2q3MCkb,Lister
2017-04-11,2017-06-11,61,12,0,http://bit.ly/2oVzaxM,2oVzaxM,Lister
2017-06-08,2017-06-11,3,12,0,http://bit.ly/2rR8VYh,2rR8VYh,Admin
2017-05-05,2017-06-10,36,814,0,http://bit.ly/2qAqRZ1,2qAqRZ1,Lister
2017-05-30,2017-06-10,11,427,3,http://bit.ly/2qw2Umg,2qw2Umg,Admin
2017-04-27,2017-06-10,44,330,0,http://bit.ly/2pmhCZb,2pmhCZb,Admin
2017-04-11,2017-06-10,60,252,0,http://bit.ly/2oVMRgw,2oVMRgw,Admin
2017-05-02,2017-06-10,39,201,1,http://bit.ly/2qouOzy,2qouOzy,Admin
2017-04-11,2017-06-10,60,165,0,http://bit.ly/2oVu9pf,2oVu9pf,Admin
2017-06-06,2017-06-10,4,142,1,http://bit.ly/2rId5Bu,2rId5Bu,Admin
2017-05-30,2017-06-10,11,122,1,http://bit.ly/2rgBzBK,2rgBzBK,Admin
2017-05-16,2017-06-10,25,116,0,http://bit.ly/2qtOwb4,2qtOwb4,Admin
2017-06-07,2017-06-10,3,115,5,http://bit.ly/2rLN3gW,2rLN3gW,Admin
2017-05-24,2017-06-10,17,114,0,http://bit.ly/2qWG3NB,2qWG3NB,Lister
2017-04-10,2017-06-10,61,112,0,http://bit.ly/2oZdTD5,2oZdTD5,Admin
2017-05-30,2017-06-10,11,108,0,http://bit.ly/2rgc9Ej,2rgc9Ej,Admin
2017-04-06,2017-06-10,65,104,0,http://bit.ly/2oePuJ5,2oePuJ5,Lister
2017-04-27,2017-06-10,44,100,0,http://bit.ly/2pjZH5p,2pjZH5p,Admin
2017-04-10,2017-06-10,61,98,0,http://bit.ly/2onLVjZ,2onLVjZ,Admin
2017-04-22,2017-06-10,49,90,0,http://bit.ly/2q1B5h9,2q1B5h9,Lister
2017-06-19,2017-06-10,-9,88,0,http://bit.ly/2sqxbAw,2sqxbAw,Lister
2017-05-12,2017-06-10,29,83,1,http://bit.ly/2pq3Fg8,2pq3Fg8,Admin
2017-05-04,2017-06-10,37,77,2,http://bit.ly/2qvGfpk,2qvGfpk,Admin
2017-05-03,2017-06-10,38,75,0,http://bit.ly/2qFQ6p8,2qFQ6p8,Lister
2017-05-01,2017-06-10,40,71,0,http://bit.ly/2pvECVJ,2pvECVJ,Admin
2017-04-26,2017-06-10,45,70,0,http://bit.ly/2pj1RST,2pj1RST,Admin
2017-05-15,2017-06-10,26,69,0,http://bit.ly/2qkwHNw,2qkwHNw,Lister
2017-04-08,2017-06-10,63,69,0,http://bit.ly/2nOEPRk,2nOEPRk,Admin
2017-06-06,2017-06-10,4,66,16,http://bit.ly/2qYKHy5,2qYKHy5,Admin
2017-06-13,2017-06-10,-3,65,0,http://bit.ly/2s6cyJQ,2s6cyJQ,Admin
2017-05-01,2017-06-10,40,63,0,http://bit.ly/2qpEKpE,2qpEKpE,Lister
2017-06-05,2017-06-10,5,62,1,http://bit.ly/2rCTwuf,2rCTwuf,Lister
2017-05-26,2017-06-10,15,57,0,http://bit.ly/2r1pWP1,2r1pWP1,Admin
2017-06-13,2017-06-10,-3,57,0,http://bit.ly/2rmAr2J,2rmAr2J,Admin
2017-04-09,2017-06-10,62,57,0,http://bit.ly/2onBdKh,2onBdKh,Admin
2017-05-03,2017-06-10,38,56,0,http://bit.ly/2p9cqHc,2p9cqHc,Lister
2017-05-17,2017-06-10,24,52,0,http://bit.ly/2pIur3j,2pIur3j,Admin
2017-05-22,2017-06-10,19,52,0,http://bit.ly/2q0vfkr,2q0vfkr,Admin
2017-04-28,2017-06-10,43,50,0,http://bit.ly/2ptV76K,2ptV76K,Lister
2017-05-04,2017-06-10,37,50,0,http://bit.ly/2qIBR2F,2qIBR2F,Admin
2017-05-04,2017-06-10,37,48,0,http://bit.ly/2qwkm9p,2qwkm9p,Lister
2017-04-19,2017-06-10,52,47,0,http://bit.ly/2pRrKrV,2pRrKrV,Admin
2017-05-15,2017-06-10,26,44,1,http://bit.ly/2r9A7n6,2r9A7n6,Lister
2017-05-03,2017-06-10,38,43,0,http://bit.ly/2oYn9s8,2oYn9s8,Lister
2017-04-24,2017-06-10,47,43,0,http://bit.ly/2q7WzZF,2q7WzZF,Admin
2017-04-11,2017-06-10,60,41,0,http://bit.ly/2oUvsEK,2oUvsEK,Admin
2017-05-22,2017-06-10,19,39,0,http://bit.ly/2qPRCpM,2qPRCpM,Admin
2017-05-02,2017-06-10,39,38,0,http://bit.ly/2qoBldU,2qoBldU,Lister
2017-05-07,2017-06-10,34,38,0,http://bit.ly/2qG6HwK,2qG6HwK,Admin
2017-05-03,2017-06-10,38,38,0,http://bit.ly/2p6nbck,2p6nbck,Lister
2017-04-09,2017-06-10,62,37,0,http://bit.ly/2on37G4,2on37G4,Admin
2017-05-12,2017-06-10,29,37,0,http://bit.ly/2pseHRV,2pseHRV,Admin
2017-05-15,2017-06-10,26,35,0,http://bit.ly/2qoHNyZ,2qoHNyZ,Admin
2017-05-11,2017-06-10,30,34,0,http://bit.ly/2qw0iUV,2qw0iUV,Lister
2017-05-01,2017-06-10,40,33,0,http://bit.ly/2qlotFa,2qlotFa,Lister
2017-05-24,2017-06-10,17,31,0,http://bit.ly/2qWx5A8,2qWx5A8,Admin
2017-04-25,2017-06-10,46,30,0,http://bit.ly/2q2QtNH,2q2QtNH,Lister
2017-05-10,2017-06-10,31,29,0,http://bit.ly/2pwGZpE,2pwGZpE,Lister
2017-05-26,2017-06-10,15,29,1,http://bit.ly/2r49FZt,2r49FZt,Admin
2017-04-19,2017-06-10,52,27,0,http://bit.ly/2pDeKXI,2pDeKXI,Lister
2017-05-04,2017-06-10,37,27,0,http://bit.ly/2qEsUbJ,2qEsUbJ,Lister
2017-05-01,2017-06-10,40,26,0,http://bit.ly/2pPwQcj,2pPwQcj,Lister
2017-05-04,2017-06-10,37,26,0,http://bit.ly/2qvyTSX,2qvyTSX,Lister
2017-04-11,2017-06-10,60,26,0,http://bit.ly/2oVNqXB,2oVNqXB,Admin
2017-05-05,2017-06-10,36,25,0,http://bit.ly/2qJrmx2,2qJrmx2,Lister
2017-05-22,2017-06-10,19,24,0,http://bit.ly/2q3EwZ3,2q3EwZ3,Admin
2017-04-10,2017-06-10,61,24,0,http://bit.ly/2onNgXQ,2onNgXQ,Admin
2017-04-28,2017-06-10,43,24,0,http://bit.ly/2oQsw7N,2oQsw7N,Lister
2017-06-16,2017-06-10,-6,24,0,http://bit.ly/2shcVl2,2shcVl2,Admin
2017-05-02,2017-06-10,39,23,0,http://bit.ly/2qn1dGR,2qn1dGR,Lister
2017-04-29,2017-06-10,42,23,0,http://bit.ly/2qiYIm1,2qiYIm1,Lister
2017-05-26,2017-06-10,15,23,0,http://bit.ly/2r1Nvaf,2r1Nvaf,Admin
2017-05-18,2017-06-10,23,22,0,http://bit.ly/2pQbWKo,2pQbWKo,Admin
2017-05-04,2017-06-10,37,22,0,http://bit.ly/2pa7st4,2pa7st4,Lister
2017-05-17,2017-06-10,24,22,0,http://bit.ly/2pL7pZH,2pL7pZH,Admin
2017-05-17,2017-06-10,24,21,0,http://bit.ly/2pIrMqB,2pIrMqB,Admin
2017-04-19,2017-06-10,52,21,0,http://bit.ly/2pCXsNi,2pCXsNi,Lister
2017-05-11,2017-06-10,30,21,0,http://bit.ly/2potRIb,2potRIb,Lister
2017-05-10,2017-06-10,31,21,0,http://bit.ly/2qTdIud,2qTdIud,Admin
2017-05-02,2017-06-10,39,20,0,http://bit.ly/2pC6Car,2pC6Car,Admin
2017-05-05,2017-06-10,36,20,0,http://bit.ly/2qAXLbF,2qAXLbF,Lister
2017-05-05,2017-06-10,36,20,0,http://bit.ly/2q8b3N6,2q8b3N6,Lister
2017-05-12,2017-06-10,29,19,0,http://bit.ly/2pstrR3,2pstrR3,Lister
2017-05-12,2017-06-10,29,19,0,http://bit.ly/2qcWu8i,2qcWu8i,Lister
2017-05-31,2017-06-10,10,19,0,http://bit.ly/2qBwCpU,2qBwCpU,Admin
2017-04-27,2017-06-10,44,18,0,http://bit.ly/2p5IYUT,2p5IYUT,Lister
2017-05-12,2017-06-10,29,17,0,http://bit.ly/2pstso5,2pstso5,Admin
2017-06-19,2017-06-10,-9,16,0,http://bit.ly/2sqqePX,2sqqePX,Admin
2017-06-13,2017-06-10,-3,16,0,http://bit.ly/2rmzzei,2rmzzei,Admin
2017-04-21,2017-06-10,50,16,0,http://bit.ly/2plQvQN,2plQvQN,Admin
2017-05-11,2017-06-10,30,16,0,http://bit.ly/2r666Sq,2r666Sq,Lister
2017-04-21,2017-06-10,50,15,0,http://bit.ly/2pNfsVi,2pNfsVi,Lister
2017-05-24,2017-06-10,17,15,0,http://bit.ly/2qWoQnx,2qWoQnx,Admin
2017-05-19,2017-06-10,22,15,1,http://bit.ly/2pQUh5e,2pQUh5e,Admin
2017-05-01,2017-06-10,40,15,0,http://bit.ly/2pnZboP,2pnZboP,Lister
2017-05-02,2017-06-10,39,14,0,http://bit.ly/2qoUgW0,2qoUgW0,Lister
2017-05-03,2017-06-10,38,14,0,http://bit.ly/2qzKGwG,2qzKGwG,Lister
2017-05-01,2017-06-10,40,14,0,http://bit.ly/2pPp2XW,2pPp2XW,Lister
2017-05-27,2017-06-10,14,14,0,http://bit.ly/2r7ARGE,2r7ARGE,Admin
2017-05-05,2017-06-10,36,13,0,http://bit.ly/2qAGbEE,2qAGbEE,Admin
2017-05-22,2017-06-10,19,13,0,http://bit.ly/2q3MCkb,2q3MCkb,Lister
2017-04-11,2017-06-10,60,12,0,http://bit.ly/2oVzaxM,2oVzaxM,Lister
2017-06-08,2017-06-10,2,12,1,http://bit.ly/2rR8VYh,2rR8VYh,Admin
2017-05-05,2017-06-09,35,814,0,http://bit.ly/2qAqRZ1,2qAqRZ1,Lister
2017-05-30,2017-06-09,10,427,8,http://bit.ly/2qw2Umg,2qw2Umg,Admin
2017-04-27,2017-06-09,43,330,0,http://bit.ly/2pmhCZb,2pmhCZb,Admin
2017-04-11,2017-06-09,59,252,0,http://bit.ly/2oVMRgw,2oVMRgw,Admin
2017-05-02,2017-06-09,38,201,0,http://bit.ly/2qouOzy,2qouOzy,Admin
2017-04-11,2017-06-09,59,165,0,http://bit.ly/2oVu9pf,2oVu9pf,Admin
2017-06-06,2017-06-09,3,142,27,http://bit.ly/2rId5Bu,2rId5Bu,Admin
2017-05-30,2017-06-09,10,122,2,http://bit.ly/2rgBzBK,2rgBzBK,Admin
2017-05-16,2017-06-09,24,116,1,http://bit.ly/2qtOwb4,2qtOwb4,Admin
2017-06-07,2017-06-09,2,115,14,http://bit.ly/2rLN3gW,2rLN3gW,Admin
2017-05-24,2017-06-09,16,114,0,http://bit.ly/2qWG3NB,2qWG3NB,Lister
2017-04-10,2017-06-09,60,112,0,http://bit.ly/2oZdTD5,2oZdTD5,Admin
2017-05-30,2017-06-09,10,108,0,http://bit.ly/2rgc9Ej,2rgc9Ej,Admin
2017-04-06,2017-06-09,64,104,0,http://bit.ly/2oePuJ5,2oePuJ5,Lister
2017-04-27,2017-06-09,43,100,0,http://bit.ly/2pjZH5p,2pjZH5p,Admin
2017-04-10,2017-06-09,60,98,0,http://bit.ly/2onLVjZ,2onLVjZ,Admin
2017-04-22,2017-06-09,48,90,3,http://bit.ly/2q1B5h9,2q1B5h9,Lister
2017-06-19,2017-06-09,-10,88,0,http://bit.ly/2sqxbAw,2sqxbAw,Lister
2017-05-12,2017-06-09,28,83,0,http://bit.ly/2pq3Fg8,2pq3Fg8,Admin
2017-05-04,2017-06-09,36,77,0,http://bit.ly/2qvGfpk,2qvGfpk,Admin
2017-05-03,2017-06-09,37,75,1,http://bit.ly/2qFQ6p8,2qFQ6p8,Lister
2017-05-01,2017-06-09,39,71,0,http://bit.ly/2pvECVJ,2pvECVJ,Admin
2017-04-26,2017-06-09,44,70,0,http://bit.ly/2pj1RST,2pj1RST,Admin
2017-05-15,2017-06-09,25,69,0,http://bit.ly/2qkwHNw,2qkwHNw,Lister
2017-04-08,2017-06-09,62,69,0,http://bit.ly/2nOEPRk,2nOEPRk,Admin
2017-06-06,2017-06-09,3,66,36,http://bit.ly/2qYKHy5,2qYKHy5,Admin
2017-06-13,2017-06-09,-4,65,0,http://bit.ly/2s6cyJQ,2s6cyJQ,Admin
2017-05-01,2017-06-09,39,63,0,http://bit.ly/2qpEKpE,2qpEKpE,Lister
2017-06-05,2017-06-09,4,62,0,http://bit.ly/2rCTwuf,2rCTwuf,Lister
2017-05-26,2017-06-09,14,57,0,http://bit.ly/2r1pWP1,2r1pWP1,Admin
2017-06-13,2017-06-09,-4,57,0,http://bit.ly/2rmAr2J,2rmAr2J,Admin
2017-04-09,2017-06-09,61,57,0,http://bit.ly/2onBdKh,2onBdKh,Admin
2017-05-03,2017-06-09,37,56,0,http://bit.ly/2p9cqHc,2p9cqHc,Lister
2017-05-17,2017-06-09,23,52,0,http://bit.ly/2pIur3j,2pIur3j,Admin
2017-05-22,2017-06-09,18,52,0,http://bit.ly/2q0vfkr,2q0vfkr,Admin
2017-04-28,2017-06-09,42,50,0,http://bit.ly/2ptV76K,2ptV76K,Lister
2017-05-04,2017-06-09,36,50,0,http://bit.ly/2qIBR2F,2qIBR2F,Admin
2017-05-04,2017-06-09,36,48,0,http://bit.ly/2qwkm9p,2qwkm9p,Lister
2017-04-19,2017-06-09,51,47,0,http://bit.ly/2pRrKrV,2pRrKrV,Admin
2017-05-15,2017-06-09,25,44,0,http://bit.ly/2r9A7n6,2r9A7n6,Lister
2017-05-03,2017-06-09,37,43,0,http://bit.ly/2oYn9s8,2oYn9s8,Lister
2017-04-24,2017-06-09,46,43,0,http://bit.ly/2q7WzZF,2q7WzZF,Admin
2017-04-11,2017-06-09,59,41,0,http://bit.ly/2oUvsEK,2oUvsEK,Admin
2017-05-22,2017-06-09,18,39,0,http://bit.ly/2qPRCpM,2qPRCpM,Admin
2017-05-02,2017-06-09,38,38,0,http://bit.ly/2qoBldU,2qoBldU,Lister
2017-05-07,2017-06-09,33,38,0,http://bit.ly/2qG6HwK,2qG6HwK,Admin
2017-05-03,2017-06-09,37,38,0,http://bit.ly/2p6nbck,2p6nbck,Lister
2017-04-09,2017-06-09,61,37,0,http://bit.ly/2on37G4,2on37G4,Admin
2017-05-12,2017-06-09,28,37,0,http://bit.ly/2pseHRV,2pseHRV,Admin
2017-05-15,2017-06-09,25,35,0,http://bit.ly/2qoHNyZ,2qoHNyZ,Admin
2017-05-11,2017-06-09,29,34,0,http://bit.ly/2qw0iUV,2qw0iUV,Lister
2017-05-01,2017-06-09,39,33,0,http://bit.ly/2qlotFa,2qlotFa,Lister
2017-05-24,2017-06-09,16,31,0,http://bit.ly/2qWx5A8,2qWx5A8,Admin
2017-04-25,2017-06-09,45,30,0,http://bit.ly/2q2QtNH,2q2QtNH,Lister
2017-05-10,2017-06-09,30,29,0,http://bit.ly/2pwGZpE,2pwGZpE,Lister
2017-05-26,2017-06-09,14,29,0,http://bit.ly/2r49FZt,2r49FZt,Admin
